-- xHRrace: KRA 서울 출마표 데이터베이스 (자동 생성 파일, parser/gen_sql.py)
-- Supabase Dashboard → SQL Editor에 전체를 붙여넣고 Run 하세요.

drop table if exists public.predictions;
drop table if exists public.entries;
drop table if exists public.races;

create table public.races (
  id           text primary key,          -- '260613-05'
  race_date    date not null,
  venue        text not null,
  race_no      int  not null,
  grade        text,
  age_cond     text,
  sex_cond     text,
  weight_type  text,
  rating_range text,
  race_kind    text,
  distance_m   int,
  start_time   text,
  total_prize  int,                       -- 천원 단위
  prize_1 int, prize_2 int, prize_3 int, prize_4 int, prize_5 int,
  unique (race_date, venue, race_no)
);

create table public.entries (
  id                  bigint generated always as identity primary key,
  race_id             text not null references public.races(id) on delete cascade,
  gate_no             int  not null,
  horse_name          text not null,
  region_tag          text,
  weight              numeric(4,1),
  weight_delta        numeric(4,1),
  weight_marker       boolean default false,
  jockey              text,
  jockey_allowance    text,
  jockey_stats        text,
  jockey_horse_record text,
  age                 int,
  sex                 text,
  birth               date,
  color               text,
  country             text,
  rating              int,
  sire                text,
  dam                 text,
  owner               text,
  owner_wins          int,
  breeder             text,
  trainer             text,
  trainer_team        int,
  trainer_stats       text,
  career_starts       int,
  career_record       text,
  career_prize        int,                -- 천원 단위
  best_time           text,
  avg_time            text,
  recent_races_raw    text,
  track_records       jsonb,              -- 주로상태별 [1착,2착,3착] {건조,양호,다습,포화,불량}
  gate_train_date     date,
  gate_train_result   text,               -- 양호/출자불/출발불 등
  medical_recent      jsonb,              -- 최근 진료 [{date,name,count}]
  layoff_weeks        int,
  training_sessions   int,
  training_minutes    int,
  training_gallop     int,
  training_swim       int,
  weight_last         int,                -- 최근 출주시 마체중(kg)
  weight_last_delta   int,                -- 직전 대비 증감
  unique (race_id, gate_no)
);

create index entries_race_idx on public.entries (race_id);

create table public.predictions (
  id         bigint generated always as identity primary key,
  race_id    text not null references public.races(id) on delete cascade,
  gate_no    int  not null,
  horse_name text not null,
  score      numeric(5,3),               -- 가중합 점수 (0~1)
  win_prob   numeric(5,3),               -- softmax 우승확률 (경주 내 합 1)
  rank       int,
  basis      text,                       -- 상위권 근거 요약
  factors    jsonb,                      -- 항목별 정규화 점수
  unique (race_id, gate_no)
);

create index predictions_race_idx on public.predictions (race_id);

alter table public.races       enable row level security;
alter table public.entries     enable row level security;
alter table public.predictions enable row level security;

create policy "public read races"       on public.races       for select using (true);
create policy "public read entries"     on public.entries     for select using (true);
create policy "public read predictions" on public.predictions for select using (true);


-- races: 20건
insert into public.races (id, race_date, venue, race_no, grade, age_cond, sex_cond, weight_type, rating_range, race_kind, distance_m, start_time, total_prize, prize_1, prize_2, prize_3, prize_4, prize_5) values
  ('260613-01', '2026-06-13', '서울', 1, '국6등급', '루키', '2세', '성별오픈', null, '일반경주', 1000, '10:35', 45000, 24750, 9900, 6300, 2250, 1800),
  ('260613-02', '2026-06-13', '서울', 2, '국6등급', '연령오픈', '성별오픈', '별정A', 'R0~0', '일반경주', 1300, '11:25', 30000, 16500, 6600, 4200, 1500, 1200),
  ('260613-03', '2026-06-13', '서울', 3, '국5등급', '연령오픈', '성별오픈', '핸디캡', 'R1~35', '일반경주', 1400, '12:45', 45000, 24750, 9900, 6300, 2250, 1800),
  ('260613-04', '2026-06-13', '서울', 4, '국5등급', '연령오픈', '성별오픈', '핸디캡', 'R1~35', '일반경주', 1700, '13:35', 45000, 24750, 9900, 6300, 2250, 1800),
  ('260613-05', '2026-06-13', '서울', 5, '혼4등급', '연령오픈', '성별오픈', '핸디캡', 'R0~50', '일반경주', 1400, '14:25', 60000, 33000, 13200, 8400, 3000, 2400),
  ('260613-06', '2026-06-13', '서울', 6, '국4등급', '연령오픈', '성별오픈', '핸디캡', 'R1~50', '일반경주', 1700, '15:15', 60000, 33000, 13200, 8400, 3000, 2400),
  ('260613-07', '2026-06-13', '서울', 7, '혼4등급', '연령오픈', '성별오픈', '핸디캡', 'R0~50', '일반경주', 1800, '16:05', 60000, 33000, 13200, 8400, 3000, 2400),
  ('260613-08', '2026-06-13', '서울', 8, '혼3등급', '연령오픈', '성별오픈', '핸디캡', 'R1~65', '일반경주', 1600, '16:55', 75000, 41250, 16500, 10500, 3750, 3000),
  ('260613-09', '2026-06-13', '서울', 9, '혼4등급', '연령오픈', '암', '핸디캡', 'R0~50', '일반경주', 1300, '17:25', 75000, 41250, 16500, 10500, 3750, 3000),
  ('260613-10', '2026-06-13', '서울', 10, '1등급', '연령오픈', '성별오픈', '핸디캡', 'R1~140', '일반경주', 1200, '17:55', 110000, 60500, 24200, 15400, 5500, 4400),
  ('260614-01', '2026-06-14', '서울', 1, '국6등급', '연령오픈', '성별오픈', '별정A', 'R0~0', '일반경주', 1200, '10:35', 30000, 16500, 6600, 4200, 1500, 1200),
  ('260614-02', '2026-06-14', '서울', 2, '국6등급', '연령오픈', '성별오픈', '별정A', 'R0~0', '일반경주', 1300, '11:00', 30000, 16500, 6600, 4200, 1500, 1200),
  ('260614-03', '2026-06-14', '서울', 3, '국6등급', '연령오픈', '암', '별정A', 'R0~0', '일반경주', 1400, '12:05', 45000, 24750, 9900, 6300, 2250, 1800),
  ('260614-04', '2026-06-14', '서울', 4, '국5등급', '연령오픈', '성별오픈', '핸디캡', 'R1~35', '일반경주', 1200, '13:10', 45000, 24750, 9900, 6300, 2250, 1800),
  ('260614-05', '2026-06-14', '서울', 5, '국5등급', '연령오픈', '암', '핸디캡', 'R1~35', '일반경주', 1300, '14:00', 45000, 24750, 9900, 6300, 2250, 1800),
  ('260614-06', '2026-06-14', '서울', 6, '국3등급', '연령오픈', '성별오픈', '핸디캡', 'R1~65', '일반경주', 1800, '14:50', 75000, 41250, 16500, 10500, 3750, 3000),
  ('260614-07', '2026-06-14', '서울', 7, '혼4등급', '연령오픈', '성별오픈', '핸디캡', 'R0~50', '일반경주', 1400, '15:40', 60000, 33000, 13200, 8400, 3000, 2400),
  ('260614-08', '2026-06-14', '서울', 8, '국OPEN', '3세', '암', '별정A', 'R0~140', '제20회 경기도지사배(Grade3)/오픈/티아라', 2000, '16:30', 500000, 275000, 110000, 70000, 25000, 20000),
  ('260614-09', '2026-06-14', '서울', 9, '2등급', '연령오픈', '성별오픈', '핸디캡', 'R1~80', '일반경주', 1800, '17:25', 90000, 49500, 19800, 12600, 4500, 3600),
  ('260614-10', '2026-06-14', '서울', 10, '혼4등급', '연령오픈', '성별오픈', '핸디캡', 'R0~50', '일반경주', 1200, '17:55', 60000, 33000, 13200, 8400, 3000, 2400);

-- entries: 204건
insert into public.entries (race_id, gate_no, horse_name, region_tag, weight, weight_delta, weight_marker, jockey, jockey_allowance, jockey_stats, jockey_horse_record, age, sex, birth, color, country, rating, sire, dam, owner, owner_wins, breeder, trainer, trainer_team, trainer_stats, career_starts, career_record, career_prize, best_time, avg_time, recent_races_raw, track_records, gate_train_date, gate_train_result, medical_recent, layoff_weeks, training_sessions, training_minutes, training_gallop, training_swim, weight_last, weight_last_delta) values
  ('260613-01', 1, '고스트소닉', null, 53.0, 0.0, false, '유승완', null, '584승(9.3%)/25승', '0전(0/0/0)', 2, '암', '2024-02-22', '회색', '한국', null, '한센', '배블레이디', '한대영', 2, '정병철', '안병기', 22, '517승(9.9%)', 0, '-/-/-/-/-', 0, null, null, '260521-1R 주행심사 1000 비18%', null, '2026-05-20', '양호', '[{"date": "2026-05-31", "name": "구내염", "count": 1}, {"date": "2026-05-30", "name": "식이성 식욕부진", "count": 2}, {"date": "2026-05-27", "name": "양후지 근육통", "count": 1}]', null, 8, 84, 8, 0, null, null),
  ('260613-01', 2, '걸작루비', null, 53.0, 0.0, false, '김태희', null, '95승(6.9%)/17승', '0전(0/0/0)', 2, '암', '2024-03-20', '회색', '한국', null, '레이스데이', '퀴리아', '박덕희', 96, '이광림', '정하백', 15, '13승(10.1%)', 0, '-/-/-/-/-', 0, null, null, '260528-1R 주행심사 1000 흐12% 260521-1R 주행심사 1000 비18%', null, '2026-05-27', '양호', '[{"date": "2026-06-04", "name": "운동기인성 피로회복", "count": 1}, {"date": "2026-06-03", "name": "우각막염", "count": 3}, {"date": "2026-05-30", "name": "정치", "count": 1}]', null, 14, 156, 12, 0, null, null),
  ('260613-01', 3, '골든벤투스', null, 53.0, 0.0, false, '우인철', '-2', '27승(8.2%)/27승', '0전(0/0/0)', 2, '수', '2024-03-15', '갈색', '한국', null, '카우보이칼', '버닝건', '김다혜', 2, '농업회사법인(주)트리플크(라33운조팜)', '서인석', null, '640승(9.6%)', 0, '-/-/-/-/-', 0, null, null, '260521-1R 주행심사 1000 비18%', null, '2026-05-15', '양호', '[{"date": "2026-05-27", "name": "양후지 근육통", "count": 1}, {"date": "2026-05-04", "name": "구내염", "count": 1}, {"date": "2026-05-03", "name": "정치", "count": 1}]', null, 13, 151, 18, 0, null, null),
  ('260613-01', 4, '뉴발삭스', null, 55.0, 0.0, false, '임기원', null, '459승(13.8%)/12승', '0전(0/0/0)', 2, '수', '2024-03-06', '갈색', '한국', null, '콩코드포인트', '뮈직', '김창식', 251, '김순건', '이관호', 42, '413승(9.7%)', 0, '-/-/-/-/-', 0, null, null, '260514-1R 주행심사 1000 맑4% 260507-1R 주행심사 1000 맑7%', null, '2026-05-13', '양호', '[{"date": "2026-06-03", "name": "좌후지교돌상", "count": 9}, {"date": "2026-03-29", "name": "우전외측 제구부 찰", "count": 1}, {"date": "2026-03-23", "name": "정치", "count": 1}]', null, 15, 167, 20, 0, null, null),
  ('260613-01', 5, '천둥의불꽃', null, 55.0, 0.0, false, '오수철', null, '56승(4.5%)/5승', '0전(0/0/0)', 2, '수', '2024-02-20', '갈색', '한국', null, '레이스데이', '블루그라스아타튜', '양정아', 0, '이용대', '배휴준', 29, '345승(6.6%)', 0, '-/-/-/-/-', 0, null, null, '260507-3R 주행심사 1000 맑7%', null, '2026-05-06', '양호', '[{"date": "2026-05-09", "name": "식이성 식욕부진", "count": 1}, {"date": "2026-04-19", "name": "정치", "count": 1}]', null, 10, 122, 15, 0, null, null),
  ('260613-01', 6, '토네르도스', null, 55.0, 0.0, false, '송재철', null, '418승(8.5%)/41승', '0전(0/0/0)', 2, '수', '2024-02-11', '밤색', '한국', null, 'AUDIBLE', '스위트앤솔티키스', '제이엘피코퍼레이션', 2, '이용대', '서홍수', 24, '380승(10.4%)', 0, '-/-/-/-/-', 0, null, null, '260514-2R 주행심사 1000 맑4% 260423-2R 주행심사 1000 맑3%', null, '2026-05-13', '양호', '[{"date": "2026-05-21", "name": "우후지 근육통", "count": 1}, {"date": "2026-05-09", "name": "정치", "count": 1}]', null, 17, 217, 22, 0, null, null),
  ('260613-01', 7, '걸작번개', null, 55.0, 0.0, false, '조한별', null, '127승(4.4%)/18승', '0전(0/0/0)', 2, '수', '2024-03-24', '갈색', '한국', null, '트리플나인', '매드파워', '박덕희', 96, '이광림', '정하백', 15, '13승(10.1%)', 0, '-/-/-/-/-', 0, null, null, '260521-2R 주행심사 1000 비18%', null, '2026-05-29', '양호', '[{"date": "2026-05-22", "name": "정치", "count": 1}, {"date": "2026-04-18", "name": "양후지 부종", "count": 2}]', null, 14, 162, 23, 0, null, null),
  ('260613-01', 8, '나르샤볼트', null, 55.0, 0.0, false, '서승운', null, '946승(17.9%)/110승', '0전(0/0/0)', 2, '수', '2024-02-10', '갈색', '한국', null, '다이나믹대시', '다이나믹볼트', '(주)아진화학', 1, '김을분', '정호익', 10, '670승(10.1%)', 0, '-/-/-/-/-', 0, null, null, '260423-2R 주행심사 1000 맑3%', null, '2026-06-10', '양호', '[{"date": "2026-06-07", "name": "운동기인성 피로회복", "count": 1}, {"date": "2026-05-28", "name": "피부염", "count": 1}, {"date": "2026-04-23", "name": "좌후지교돌상", "count": 1}]', null, 11, 132, 11, 0, null, null),
  ('260613-01', 9, '가온의빛', null, 53.0, 0.0, false, '정정희', null, '223승(7.4%)/50승', '0전(0/0/0)', 2, '암', '2024-03-23', '회색', '한국', null, '한센', '지상제일해피', '이경헌', 0, '이경하', '최봉주', 16, '270승(7.0%)', 0, '-/-/-/-/-', 0, null, null, '260514-3R 주행심사 1000 맑4%', null, '2026-05-06', '양호', '[{"date": "2026-06-01", "name": "양후지 근육통", "count": 3}, {"date": "2026-04-19", "name": "정치", "count": 1}]', null, 10, 114, 15, 0, null, null),
  ('260613-01', 10, '원더그레이스', null, 53.0, 0.0, false, '장추열', null, '586승(11.6%)/69승', '0전(0/0/0)', 2, '암', '2024-04-22', '회색', '한국', null, 'GIRVIN', '케이제이워리어', '최종복', 1, '최종복', '안병기', 22, '517승(9.9%)', 0, '-/-/-/-/-', 0, null, null, '260507-2R 주행심사 1000 맑7%', null, '2026-05-06', '양호', '[{"date": "2026-05-09", "name": "운동기인성 피로회복", "count": 1}, {"date": "2026-04-18", "name": "정치", "count": 1}]', null, 10, 112, 13, 0, null, null),
  ('260613-02', 1, '라이징윈드', null, 55.0, 0.0, false, '김정준', null, '279승(6.7%)/27승', '5전(0/0/1)', 3, '암', '2023-02-06', '갈색', '한국', null, '레볼루셔너리', '금아선더', '하늬바람', 15, '강원석', '배휴준', 29, '345승(6.6%)', 7, '-/-/1/-/-', 4200, '1:24.8', '1:24.8', '260531서3R국6 1400별A맑7%(0) 260510서2R국6 1400별A맑5%(0) 260426서1R국6 1300별A맑3%(0) 260301서3R국6 1400별A맑3%(0)', '{"건조": [0, 0, 1]}', '2026-05-28', '양호', '[{"date": "2026-05-31", "name": "좌후지교돌상", "count": 2}, {"date": "2026-05-29", "name": "운동기인성 피로회복", "count": 2}, {"date": "2026-03-01", "name": "양각막염", "count": 1}]', 2, 13, 187, 14, 0, 470, 0),
  ('260613-02', 2, '역전의히트', null, 57.0, 0.0, false, '서승운', null, '946승(17.9%)/110승', '0전(0/0/0)', 3, '수', '2023-04-21', '흑갈색', '한국', null, '언캡처드', '프리실라', '오종환', 62, '(주)코리아호스랜드', '심승태', 37, '230승(6.8%)', 4, '-/-/-/-/1', 1200, '1:23.9', '1:25.2', '260524서2R국6 1300별A맑11%(0) 260426서2R국6 1400별A맑3%(0) 260328서1R국6 1300별A맑3%(0) 260301서2R국6 1200별A맑3%(0)', null, '2026-05-22', '양호', '[{"date": "2026-05-26", "name": "좌전지파행", "count": 2}, {"date": "2026-04-15", "name": "양후지 근육통", "count": 2}]', 3, 8, 102, 12, 0, 504, -2),
  ('260613-02', 3, '제주프린세스', null, 55.0, 0.0, false, '신형철', null, '801승(10.4%)/0승', '0전(0/0/0)', 3, '암', '2023-04-17', '갈색', '한국', null, '머스킷맨', '아쿠아프린세스', '무라카미켄세이', 3, '최종복', '서범석', 12, '504승(8.7%)', 6, '-/1/-/-/1', 7800, '1:24.2', '1:24.5', '260516서3R국6 1300별A맑3%(0) 260418서2R국6 1300별A맑5%(0) 260321서3R국6 1400별A맑5%(0) 260214서4R국6 1400별A맑3%(0)', '{"건조": [0, 1, 0]}', '2026-06-10', '출자불', '[{"date": "2026-05-31", "name": "진정(장제)", "count": 2}, {"date": "2026-03-22", "name": "정치", "count": 1}]', 4, 15, 154, 17, 9, 453, 4),
  ('260613-02', 4, '피렌체골드', null, 55.0, 0.0, false, '송재철', null, '418승(8.5%)/41승', '1전(0/0/0)', 3, '암', '2023-04-19', '밤색', '한국', null, '레이스데이', '지봉사랑', '안병렬', 12, '김순건', '신삼영', 41, '256승(8.3%)', 4, '-/-/-/-/-', 0, null, null, '260521-4R 주행심사 1000 비18% 260510서1R국6 1200별A맑5%(0) 260411서1R국6 1200별A흐15%(0) 260315서1R국6 1200별A흐6%(0)', null, '2026-04-09', '출자불', '[{"date": "2026-05-23", "name": "좌후지교돌상", "count": 5}, {"date": "2026-03-01", "name": "구내염", "count": 1}, {"date": "2026-02-28", "name": "정치", "count": 1}]', 5, 7, 60, 7, 0, 442, 14),
  ('260613-02', 5, '대동용마', null, 57.0, 0.0, false, '조상범', null, '113승(3.7%)/12승', '3전(0/0/0)', 3, '수', '2023-03-17', '회색', '한국', null, '나이트러스', '듀앨폭풍', '이혜섭', 0, '김순건', '서인석', 33, '640승(9.6%)', 4, '-/-/-/-/-', 0, '1:25.4', '1:25.4', '260509서4R국6 1300별A맑5%(0) 260328서3R국6 1400별A맑3%(0) 251227서2R국6 1200별A맑14%(0) 251129서1R국6 1200별A맑10%(0)', null, '2026-06-10', '양호', '[{"date": "2026-03-03", "name": "좌전답창", "count": 14}, {"date": "2025-12-25", "name": "운동기인성 피로회복", "count": 2}, {"date": "2025-11-30", "name": "좌전지파행", "count": 1}]', 5, 11, 142, 18, 0, 479, 7),
  ('260613-02', 6, '피엔에스미', null, 54.0, 0.0, false, '김성현', '-1', '36승(5.4%)/13승', '3전(0/0/0)', 5, '암', '2021-02-26', '갈색', '한국', null, '파워블레이드', '미스블루', '피엔에스홈즈', 6, '전영환', '박윤규', 4, '403승(7.6%)', 28, '-/-/2/1/4', 14700, '1:25.4', '1:25.4', '260531서3R국6 1400별A맑7%(0) 260503서2R국6암 1400별A비10%(0) 260322서2R국6 1400별A맑5%(0) 260215서3R국6 1400별A맑3%(0)', '{"양호": [0, 0, 1], "다습": [0, 0, 1]}', '2026-05-28', '양호', '[{"date": "2026-05-04", "name": "좌후지파행", "count": 1}, {"date": "2026-02-21", "name": "좌전지파행", "count": 6}]', 2, 14, 159, 15, 13, 474, 2),
  ('260613-02', 7, '라이언비트', null, 57.0, 0.5, false, '코지', null, '62승(11.6%)/32승', '0전(0/0/0)', 3, '수', '2023-03-18', '회색', '한국', null, '카우보이칼', '원더라이트', '(주)인펨', 36, '이상영', '리카디', 34, '262승(15.7%)', 1, '-/-/-/-/-', 0, null, null, '260514-1R 주행심사 1000 맑4% 260117서1R국6 1200별A맑5%(0) 251127-4R 주행심사 1000 비8%', null, '2026-05-13', '양호', '[{"date": "2026-01-07", "name": "좌후지교돌상", "count": 1}, {"date": "2025-12-25", "name": "구내염", "count": 1}]', 21, 18, 207, 32, 0, 486, 3),
  ('260613-02', 8, '비바참', null, 55.0, 0.0, false, '김태희', null, '95승(6.9%)/17승', '0전(0/0/0)', 4, '암', '2022-02-10', '갈색', '한국', null, '레볼루셔너리', '비호바람', '김명식', 110, '김명식', '전승규', 25, '227승(12.7%)', 3, '-/-/-/-/2', 2400, null, null, '260423-3R 주행심사 1000 맑3% 251226-4R 주행심사 1000 맑17% 250816서3R국6 1200별A맑12%(0) 250712서2R국6 1200별A맑5%(0)', null, null, null, '[{"date": "2026-03-04", "name": "마비성근색소뇨증", "count": 1}, {"date": "2026-01-30", "name": "정치", "count": 1}, {"date": "2025-12-01", "name": "양후지 부종", "count": 3}]', 43, 15, 132, 15, 0, 417, 4),
  ('260613-02', 9, '쾌걸춘향', null, 55.0, 0.0, false, '유승완', null, '584승(9.3%)/25승', '0전(0/0/0)', 3, '암', '2023-03-12', '흑갈색', '한국', null, '나이트러스', '엑톤신화', '본투런', 12, '김상욱', '이동국', 17, '13승(4.2%)', 2, '-/-/-/-/1', 1200, null, null, '260514-4R 주행심사 1000 맑4% 260425서1R국6 1200별A맑3%(0) 260314서1R국6암 1200별A맑7%(0)260212-3R 주행심사 1000 맑2%', null, '2026-04-23', '양호', '[{"date": "2026-06-03", "name": "좌후지교돌상", "count": 2}, {"date": "2026-05-08", "name": "정치", "count": 1}, {"date": "2026-04-27", "name": "비공부 열창", "count": 3}]', 7, 10, 122, 15, 0, 461, 11),
  ('260613-02', 10, '크리솔포시', null, 55.0, 0.0, false, '김용근', null, '1,010승(15.1%)/42승', '0전(0/0/0)', 5, '암', '2021-04-09', '밤색', '한국', null, '크리솔라이트', '인티미시미', '요시다 가츠미', 27, '권주순', '전승규', 25, '227승(12.7%)', 4, '-/-/1/1/-', 5700, null, null, '260502서3R국6 1400별A흐3%(0) 260307서3R국6 1400별A맑17%(0) 260104서2R국6 1400별A흐12%(0) 251018서2R국6 1200별A흐불(0)', '{"다습": [0, 0, 1]}', '2026-05-01', '진입불', '[{"date": "2026-06-03", "name": "양후지 근육통", "count": 3}, {"date": "2026-03-10", "name": "좌전지파행", "count": 3}]', 6, 11, 136, 13, 0, 428, 1),
  ('260613-02', 11, '인스파이어', null, 57.0, 0.0, false, '이동하', null, '313승(10.9%)/64승', '1전(0/0/1)', 3, '수', '2023-04-26', '흑갈색', '한국', null, '언캡처드', '로희', '김정철', 98, '김정철', '최용건', 51, '169승(10.7%)', 6, '-/-/2/1/-', 9900, '1:22.7', '1:23.7', '260502서2R국6 1300별A흐3%(0) 260411서3R국6 1300별A흐14%(0) 260314서2R국6 1300별A맑7%(0) 260214서3R국6 1300별A맑3%(0)', '{"건조": [0, 0, 2]}', '2026-04-30', '양호', '[{"date": "2026-03-01", "name": "구내염", "count": 1}]', 6, 15, 204, 19, 0, 481, -2),
  ('260613-03', 1, '파이널질주', null, 51.5, -5.0, false, '권중석', '-3', '19승(8.0%)/19승', '0전(0/0/0)', 6, '암', '2020-03-08', '갈색', '한국', 34, '에치드', '제이원', '럭키', 5, '이상영', '임채덕', 35, '37승(3.1%)', 29, '2/3/2/3/4', 100750, '1:27.9', '1:29.9', '260530서6R국5암 1400핸맑7%(29) 260419서4R국5암 1400핸맑4%(31) 260328서4R국5 1400핸맑3%(33) 260315서3R국5암 1400핸흐6%(32)', '{"건조": [2, 3, 0], "양호": [0, 0, 1], "다습": [0, 0, 1]}', '2026-05-28', '양호', '[{"date": "2026-05-31", "name": "양각막염", "count": 2}, {"date": "2026-04-05", "name": "양후지 근육통", "count": 1}, {"date": "2026-02-04", "name": "좌후지교돌상", "count": 1}]', 2, 13, 162, 15, 0, 505, -4),
  ('260613-03', 2, '블레이징엔진', null, 54.5, 0.0, false, '장추열', null, '586승(11.6%)/69승', '3전(1/1/0)', 3, '수', '2023-04-27', '갈색', '한국', 30, '트리플나인', '큐피드여장부', '왕호이', 1, '김영주', '서범석', 12, '504승(8.7%)', 6, '1/2/1/-/-', 37200, '1:27.7', '1:29.3', '260516서4R국5 1400핸맑3%(29) 260412서6R국5 1400핸맑12%(29) 260314서2R국6 1300별A맑7%(0) 260215서2R국6 1300별A맑3%(0)', '{"건조": [0, 0, 1], "양호": [1, 0, 0], "다습": [0, 2, 0]}', '2026-06-10', '양호', '[{"date": "2026-03-15", "name": "양후지교돌상", "count": 1}, {"date": "2026-02-01", "name": "진정(장제)", "count": 2}, {"date": "2025-09-27", "name": "안질환기타", "count": 3}]', 4, 12, 131, 17, 0, 471, 5),
  ('260613-03', 3, '학산소드', null, 55.5, -0.5, false, '이동하', null, '313승(10.9%)/64승', '7전(1/2/1)', 3, '수', '2023-04-24', '갈색', '한국', 32, '사우스비치', '스피릿티드미스', '황봉기', 32, '(주)씨엔에이', '홍대유', 6, '481승(8.7%)', 9, '1/2/1/1/-', 51000, '1:30.8', '1:30.8', '260517서5R국5 1300핸맑3%(31) 260418서4R국5 1400핸맑5%(30) 260405서6R국5 1300핸맑6%(31) 260301서4R국5 1300핸맑3%(29)', '{"건조": [0, 1, 1], "포화": [1, 0, 0], "불량": [0, 1, 0]}', '2026-06-04', '양호', '[{"date": "2026-06-03", "name": "우전내측제구부찰과상", "count": 3}, {"date": "2026-05-06", "name": "양후지 근육통", "count": 3}, {"date": "2026-04-08", "name": "양각막염", "count": 2}]', 4, 10, 118, 16, 0, 530, 4),
  ('260613-03', 4, '라온블레이드', null, 55.0, -0.5, false, '우인철', '-2', '27승(8.2%)/27승', '0전(0/0/0)', 3, '수', '2023-02-27', '갈색', '한국', 35, '머스킷맨', '라온세레나', '손천수', 65, '손천수', '박종곤', 1, '653승(11.4%)', 6, '1/-/4/1/-', 45900, '1:28.8', '1:29.0', '260509서7R국5 1400핸맑5%(32) 260405서4R국5 1400핸맑6%(33) 260228서7R국5 1400핸맑3%(29) 251220서2R국6 1300별A흐16%(0)', '{"건조": [1, 0, 2], "포화": [0, 0, 2]}', '2026-05-07', '양호', '[{"date": "2026-05-31", "name": "양후지 근육통", "count": 4}, {"date": "2026-05-11", "name": "우전지파행", "count": 2}, {"date": "2026-04-08", "name": "좌전지파행", "count": 3}]', 5, 10, 116, 13, 0, 482, 2),
  ('260613-03', 5, '홀리카이저', null, 56.5, 0.0, false, '서승운', null, '946승(17.9%)/110승', '1전(0/0/1)', 4, '거', '2022-02-12', '갈색', '한국', 34, '사이먼퓨어', '에코블루', '문석현', 2, '김홍대', '함완식', 28, '52승(8.4%)', 13, '2/-/2/1/-', 56100, '1:28.7', '1:28.9', '260517서5R국5 1300핸맑3%(31) 260412서6R국5 1400핸맑12%(29) 260302서5R국5 1300핸비9%(29) 260131서4R국5 1400핸맑2%(31)', '{"건조": [1, 0, 1], "양호": [1, 0, 0], "다습": [0, 0, 1]}', '2026-05-15', '양호', '[{"date": "2026-05-18", "name": "양전지 근육통", "count": 1}, {"date": "2026-05-06", "name": "양후지 근육통", "count": 1}, {"date": "2026-04-14", "name": "좌전지파행", "count": 2}]', 4, 10, 143, 11, 0, 472, 1),
  ('260613-03', 6, '승리바로우즈', null, 57.0, 1.0, false, '코지', null, '62승(11.6%)/32승', '4전(0/2/0)', 4, '수', '2022-04-29', '갈색', '한국', 35, '뉴레전드', '승리사랑', '이노쿠마 히로츠구', 12, '(주)녹원목장', '서인석', 33, '640승(9.6%)', 15, '1/3/3/2/1', 66600, '1:29.2', '1:30.0', '260510서3R국5 1400핸맑5%(28) 260405서4R국5 1400핸맑6%(33) 260228서7R국5 1400핸맑3%(29) 260124서5R국5 1800핸맑3%(30)', '{"건조": [0, 2, 1], "다습": [1, 0, 1], "포화": [0, 1, 1]}', '2026-05-07', '출자불', '[{"date": "2025-11-15", "name": "좌후지교돌상", "count": 1}]', 5, 12, 159, 16, 0, 507, 4),
  ('260613-03', 7, '용비교', null, 54.5, 1.5, false, '이혁', null, '588승(10.1%)/35승', '2전(1/1/0)', 3, '암', '2023-03-02', '회색', '한국', 34, '나이트러스', '파크블레이드', '정성진', 14, '이상영', '이신우', 14, '424승(11.7%)', 8, '1/1/1/1/2', 37200, '1:27.1', '1:27.4', '260524서4R국5 1400핸맑11%(31) 260412서2R국6 1400별A맑12%(0) 260214서3R국6 1300별A맑3%(0) 260117서2R국6 1200별A맑5%(0)', '{"양호": [0, 0, 1], "다습": [1, 1, 0]}', '2026-06-10', '양호', '[{"date": "2026-05-29", "name": "정치", "count": 1}, {"date": "2026-05-25", "name": "좌전지 근육통", "count": 1}, {"date": "2026-04-13", "name": "양후지 근육통", "count": 1}]', 3, 8, 87, 11, 0, 467, 10),
  ('260613-03', 8, '왕최고', null, 56.0, -1.0, false, '오수철', null, '56승(4.5%)/5승', '3전(0/0/0)', 4, '수', '2022-02-28', '갈색', '한국', 33, '지롤라모', '최고야최고', '최수군', 18, '이경우', '이관호', 42, '413승(9.7%)', 20, '-/4/2/3/2', 55200, '1:28.0', '1:30.2', '260524서4R국5 1400핸맑11%(31) 260507-4R 주행심사 1000 맑7% 260308서4R국5 1400핸맑13%(31) 260207서6R국5 1400핸맑2%(29)', '{"건조": [0, 1, 0], "다습": [0, 2, 1], "포화": [0, 0, 1], "불량": [0, 1, 0]}', '2026-05-06', '양호', '[{"date": "2026-05-13", "name": "좌후지교돌상", "count": 7}, {"date": "2026-05-07", "name": "마체검사", "count": 1}, {"date": "2026-04-29", "name": "운동기인성 피로회복", "count": 1}]', 3, 12, 128, 14, 0, 495, 0),
  ('260613-03', 9, '터보차지', null, 52.5, 0.0, true, '김태현', null, '43승(5.0%)/2승', '2전(0/1/0)', 4, '암', '2022-03-08', '회색', '한국', 26, '언캡처드', '선기어', '송암축산', 16, '농업회사법인(주)송암축(3산1조)', '강환민', null, '224승(10.5%)', 15, '1/2/-/2/-', 37500, '1:29.8', '1:30.3', '260502서4R국5암 1400핸흐3%(27) 260405서5R국5 1200핸맑6%(29) 260226-3R 주행심사 1000 맑3% 251109서6R국5암 1200핸맑3%(29)', '{"건조": [1, 2, 0]}', '2026-04-30', '출자불', '[{"date": "2026-05-21", "name": "우전제염", "count": 5}, {"date": "2026-03-18", "name": "진정(보정)", "count": 1}, {"date": "2026-01-25", "name": "구내염", "count": 1}]', 6, 10, 85, 12, 0, 476, 9),
  ('260613-03', 10, '리플렉트', null, 56.0, 2.0, false, '조재로', null, '282승(9.8%)/66승', '7전(1/1/2)', 3, '수', '2023-04-10', '회색', '한국', 33, '레이스데이', '시티세븐', '박남성', 286, '김태형', '최봉주', 16, '270승(7.0%)', 8, '1/1/2/2/2', 55350, '1:29.3', '1:29.3', '260503서4R국5 1300핸비10%(31) 260328서5R국5 1300핸맑3%(30) 260228서7R국5 1400핸맑3%(29) 260125서5R국5 1300핸맑3%(31)', '{"건조": [1, 0, 1], "다습": [0, 1, 0], "포화": [0, 0, 1]}', '2026-05-01', '양호', '[{"date": "2026-06-03", "name": "양전지 근육통", "count": 1}, {"date": "2026-05-06", "name": "식이성 식욕부진", "count": 1}, {"date": "2026-05-04", "name": "좌후계부찰과상", "count": 2}]', 6, 9, 101, 11, 0, 497, 7),
  ('260613-03', 11, '텐배거', null, 56.5, -0.5, false, '김정준', null, '279승(6.7%)/27승', '1전(0/0/0)', 7, '수', '2019-01-25', '갈색', '한국', 34, '카우보이칼', '슈거빅토리', '김명식', 110, '김명식', '심승태', 37, '230승(6.8%)', 44, '2/2/5/3/7', 131300, '1:28.0', '1:29.3', '260423-2R 주행심사 1000 맑3% 260212-3R 주행심사 1000 맑2% 251213서4R국5 1300핸비불(28) 251130서5R국5 1400핸흐10%(27)', '{"건조": [0, 0, 1], "양호": [1, 0, 1], "다습": [0, 1, 3], "포화": [0, 1, 0], "불량": [1, 0, 0]}', null, null, '[{"date": "2026-04-26", "name": "양전지 근육통", "count": 2}, {"date": "2026-03-22", "name": "우전지 부종", "count": 3}, {"date": "2025-12-02", "name": "식이성 식욕부진", "count": 1}]', 26, 6, 64, 8, 0, 478, -5),
  ('260613-04', 1, '크로마이트', null, 54.0, -1.5, false, '이용호', null, '124승(6.9%)/15승', '4전(0/0/1)', 6, '거', '2020-01-26', '갈색', '한국', 29, '페더럴리스트', '레인어브타라', '디디에스코리아(주)', 1, '변완수', '전승규', 25, '227승(12.7%)', 43, '1/1/5/6/6', 93100, '1:51.6', '1:52.6', '260524서6R국5 1800핸맑11%(30) 260503서9R국5 1700핸흐11%(31) 260411서7R국5 1800핸맑13%(30) 260329서8R혼4 1800핸맑3%(39)', '{"건조": [0, 0, 3], "양호": [0, 1, 1], "다습": [1, 0, 1]}', '2026-05-22', '양호', '[{"date": "2026-05-04", "name": "양후지 근육통", "count": 2}, {"date": "2026-04-09", "name": "운동기인성 피로회복", "count": 1}]', 3, 13, 137, 15, 0, 470, -3),
  ('260613-04', 2, '아치메모리', null, 52.5, -3.0, false, '김정준', null, '279승(6.7%)/27승', '3전(0/0/0)', 7, '암', '2019-05-15', '흑갈색', '한국', 30, '아치아치아치', '러브리메모리즈', '권광세', 85, '이종욱', '심승태', 37, '230승(6.8%)', 49, '1/3/7/6/7', 125300, '1:51.0', '1:52.2', '260516서5R국5 1700핸맑3%(27) 260425서7R국5암 1400핸맑3%(31) 260329서5R국5암 1400핸맑3%(29) 260314서8R혼4 1200핸흐7%(42)', '{"건조": [1, 1, 3], "양호": [0, 1, 1], "다습": [0, 1, 3]}', '2026-05-07', '진입불', '[{"date": "2026-05-22", "name": "양후지 근육통", "count": 6}, {"date": "2026-03-04", "name": "식이성 식욕부진", "count": 2}, {"date": "2026-01-12", "name": "운동기인성 피로회복", "count": 1}]', 4, 9, 109, 9, 0, 486, -4),
  ('260613-04', 3, '프리메로', null, 54.5, -0.5, false, '최범현', null, '957승(12.8%)/41승', '2전(1/0/1)', 3, '거', '2023-03-25', '갈색', '한국', 30, '인디밴드', '깍쟁이', '김철', 84, '이시돌협회', '강성오', 9, '219승(12.2%)', 7, '1/-/3/-/-', 31200, '1:52.9', '1:53.4', '260516서5R국5 1700핸맑3%(27) 260412서4R국6 1700별A맑12%(0) 260315서2R국6 1400별A흐6%(0) 260215서3R국6 1400별A맑3%(0)', '{"건조": [0, 0, 2], "양호": [0, 0, 1], "다습": [1, 0, 0]}', '2026-04-08', '양호', '[{"date": "2026-05-30", "name": "우전지 부종", "count": 4}, {"date": "2026-05-14", "name": "운동기인성 피로회복", "count": 1}]', 4, 10, 119, 16, 2, 456, -8),
  ('260613-04', 4, '이클립스베이', null, 54.0, -0.5, false, '이동하', null, '313승(10.9%)/64승', '1전(0/0/0)', 3, '수', '2023-02-27', '갈색', '한국', 29, '섀클포드', '실크베리', '조한수', 31, '김기석', '서홍수', 24, '380승(10.4%)', 8, '1/-/-/-/2', 19500, '1:52.8', '1:54.2', '260510서5R국5 1800핸맑5%(31) 260411서7R국5 1800핸맑13%(30) 260314서4R국5 1800핸맑7%(29) 260207서3R국6 1700별A맑2%(0)', '{"건조": [1, 0, 0]}', '2026-05-08', '양호', '[{"date": "2026-04-14", "name": "양전지파행", "count": 3}, {"date": "2026-02-08", "name": "좌전지 부종", "count": 1}]', 5, 9, 116, 15, 0, 471, 2),
  ('260613-04', 5, '슈퍼엑톤', null, 55.0, 2.5, false, '우인철', '-2', '27승(8.2%)/27승', '0전(0/0/0)', 9, '거', '2017-03-27', '갈색', '한국', 35, '엑톤파크', '슈퍼플러키', '(주)메타플렉스', 7, '정병철', '강환민', 31, '224승(10.5%)', 70, '3/4/4/11/16', 224610, '1:50.1', '1:52.4', '260517서6R국4 1600핸맑3%(42) 260425서10R국4 1800핸맑3%(44) 260322서3R국4 1800핸맑5%(45) 260214서8R국4 1600핸맑3%(42)', '{"건조": [1, 0, 3], "양호": [1, 2, 1], "다습": [1, 1, 0], "포화": [0, 1, 0]}', null, null, '[{"date": "2026-05-21", "name": "좌후지교돌상", "count": 3}, {"date": "2025-12-16", "name": "우후지 부종", "count": 1}, {"date": "2025-11-12", "name": "운동기인성 피로회복", "count": 2}]', 4, 12, 115, 16, 0, 456, 1),
  ('260613-04', 6, '그랜드파크', null, 52.5, 0.0, true, '임기원', null, '459승(13.8%)/12승', '2전(0/0/0)', 4, '수', '2022-01-28', '밤색', '한국', 23, '섀클포드', '그랜드카라반', '(주)디알엠씨티', 123, '강종우', '송문길', 40, '525승(13.8%)', 14, '-/2/-/1/1', 16650, null, null, '260509서7R국5 1400핸맑5%(32) 260405서6R국5 1300핸맑6%(31) 260131서4R국5 1400핸맑2%(31) 251227서3R국5 1200핸흐14%(32)', '{"다습": [0, 2, 0]}', '2026-05-07', '양호', '[{"date": "2026-06-03", "name": "좌후지교돌상", "count": 4}, {"date": "2026-04-07", "name": "우후지교돌상", "count": 3}, {"date": "2026-03-04", "name": "우후지 근육통", "count": 4}]', 5, 8, 87, 11, 0, 500, -12),
  ('260613-04', 7, '문학벨', null, 53.0, 0.5, false, '코지', null, '62승(11.6%)/32승', '0전(0/0/0)', 4, '암', '2022-05-04', '갈색', '한국', 31, 'AUDIBLE', '베이리버', '권경자', 150, '(주)씨엔에이', '박재우', 50, '583승(12.3%)', 12, '1/1/3/-/1', 47850, '1:51.9', '1:52.3', '260516서5R국5 1700핸맑3%(27) 260418서5R국5 1700핸맑5%(27) 260315서3R국5암 1400핸흐6%(32) 260124서7R국5 1200핸맑3%(29)', '{"건조": [1, 1, 2], "양호": [0, 0, 1]}', '2026-05-14', '양호', '[{"date": "2026-05-29", "name": "양후지 근육통", "count": 2}, {"date": "2026-05-18", "name": "우각막염", "count": 5}, {"date": "2026-04-30", "name": "피부병", "count": 2}]', 4, 10, 93, 11, 0, 458, -1),
  ('260613-04', 8, '플라잉아너', null, 56.5, 1.0, false, '빅투아르', null, '327승(11.1%)/49승', '2전(1/0/1)', 3, '거', '2023-03-19', '갈색', '한국', 34, '투아너앤드서브', '무적의챔프', '김형순', 40, '김홍대', '이준철', 48, '178승(16.7%)', 4, '1/1/1/1/-', 43200, null, null, '260509서5R국5 1200핸맑5%(33) 260412서5R국5 1200핸맑12%(27) 260307서1R국6 1200별A맑17%(0) 260117서1R국6 1200별A맑5%(0)', '{"건조": [0, 0, 1], "다습": [0, 1, 0], "포화": [1, 0, 0]}', '2026-05-07', '출자불', '[{"date": "2026-06-03", "name": "양후지 근육통", "count": 2}, {"date": "2026-05-07", "name": "운동기인성 피로회복", "count": 2}, {"date": "2026-04-13", "name": "우전구절찰과상", "count": 1}]', 5, 10, 115, 14, 0, 470, 1),
  ('260613-04', 9, '투어킹', null, 54.0, -3.0, false, '오수철', null, '56승(4.5%)/5승', '4전(1/1/0)', 3, '거', '2023-04-20', '갈색', '한국', 29, '지몰로지스트', '브라이디즈프롤릭', '이경호', 12, '윤흥열', '배휴준', 29, '345승(6.6%)', 8, '1/1/-/-/-', 23100, '1:53.0', '1:54.1', '260509서1R국6 1700별A맑5%(0) 260412서4R국6 1700별A맑12%(0) 260228서4R국6 1700별A맑3%(0) 260125서3R국6 1700별A맑3%(0)', '{"건조": [1, 1, 0]}', '2026-06-10', '진입불', '[{"date": "2026-05-09", "name": "우후지교돌상", "count": 1}, {"date": "2026-05-07", "name": "운동기인성 피로회복", "count": 2}, {"date": "2026-04-12", "name": "좌후지교돌상", "count": 1}]', 5, 13, 160, 18, 0, 478, 2),
  ('260613-04', 10, '크리솔피스', null, 53.5, 0.0, false, '씨씨웡', null, '102승(13.5%)/52승', '2전(0/0/0)', 4, '수', '2022-04-05', '밤색', '한국', 28, '크리솔라이트', '에블린', '요시다 가츠미', 27, '강승국', '안병기', 22, '517승(9.9%)', 10, '1/-/1/2/2', 28800, '1:54.8', '1:55.1', '260510서5R국5 1800핸맑5%(31) 260411서8R국5 1800핸맑13%(30) 260301서5R국5 1800핸맑3%(31) 260103서6R국5 1700핸맑13%(30)', '{"건조": [0, 0, 1], "양호": [1, 0, 0]}', null, null, '[{"date": "2026-06-03", "name": "피부병", "count": 3}, {"date": "2026-05-11", "name": "양각막염", "count": 3}, {"date": "2026-04-09", "name": "운동기인성 피로회복", "count": 1}]', 5, 9, 108, 12, 0, 465, 4),
  ('260613-04', 11, '베스트프리덤', null, 54.0, -3.0, false, '서승운', null, '946승(17.9%)/110승', '0전(0/0/0)', 3, '수', '2023-05-16', '갈색', '한국', 29, '프리덤차일드', '주얼리파크', '박민지', 29, '이상영', '박재우', 50, '583승(12.3%)', 8, '1/1/1/-/2', 30300, null, null, '260517서2R국6 1400별A맑3%(0) 260411서2R국6 1400별A흐14%(0) 260307서3R국6 1400별A맑17%(0) 260201서2R국6 1300별A맑2%(0)', '{"건조": [1, 0, 0], "다습": [0, 0, 1], "포화": [0, 1, 0]}', '2026-05-15', '양호', '[{"date": "2026-05-18", "name": "좌각막염", "count": 2}, {"date": "2026-05-06", "name": "구내염", "count": 3}, {"date": "2026-03-20", "name": "양전지 근육통", "count": 1}]', 4, 10, 115, 12, 0, 484, -11),
  ('260613-05', 1, '재즈퍼플', null, 58.0, 5.5, false, '조재로', null, '282승(9.8%)/66승', '2전(2/0/0)', 3, '수', '2023-03-25', '회색', '한국', 50, '한센', '플라잉하모니', '이유환', 62, '강훈표', '서인석', 33, '640승(9.6%)', 7, '3/-/-/-/1', 75450, '1:27.2', '1:27.4', '260509서8R혼4 1400핸맑5%(41) 260328서4R국5 1400핸맑3%(33) 260208서3R국6 1400별A맑2%(0) 251228서2R국6 1300별A흐12%(0)', '{"건조": [3, 0, 0]}', '2026-05-07', '출자불', '[{"date": "2026-05-12", "name": "좌후지교돌상", "count": 3}]', 5, 10, 124, 18, 0, 462, 3),
  ('260613-05', 2, '맥스파티', null, 52.5, 0.5, true, '임다빈', null, '184승(8.1%)/24승', '0전(0/0/0)', 5, '수', '2021-01-28', '갈색', '한국', 28, '모던카우보이', '엠제이파티', '김은갑', 29, '이상영', '김동균', 52, '395승(9.3%)', 24, '2/1/2/3/1', 70200, '1:27.2', '1:29.8', '260531서5R국5 1300핸맑6%(33) 260517서5R국5 1300핸맑3%(31) 260405서4R국5 1400핸맑6%(33) 260308서5R국5 1300핸맑13%(30)', '{"건조": [1, 0, 2], "양호": [0, 1, 0], "포화": [1, 0, 0]}', null, null, '[{"date": "2026-06-01", "name": "좌전지파행", "count": 1}, {"date": "2026-05-18", "name": "양각막염", "count": 1}, {"date": "2026-04-08", "name": "좌완관절염", "count": 1}]', 2, 14, 157, 12, 0, 526, -5),
  ('260613-05', 3, '로열베스트', null, 54.5, -2.0, false, '마이아', null, '88승(16.2%)/48승', '1전(1/0/0)', 5, '수', '2021-04-12', '밤색', '한국', 43, '한센', '로열스텝', '박민지', 29, '권주순', '박재우', 50, '583승(12.3%)', 28, '2/4/2/7/1', 107950, '1:26.4', '1:28.5', '260503서3R국5 1400핸비10%(32) 260328서4R국5 1400핸맑3%(33) 260314서6R국5 1400핸맑7%(29) 260208서4R국5 1400핸맑2%(30)', '{"건조": [0, 2, 0], "양호": [0, 0, 1], "다습": [2, 2, 1]}', '2026-05-01', '양호', '[{"date": "2026-05-06", "name": "좌안면부 찰과상", "count": 1}, {"date": "2026-05-04", "name": "좌각막염", "count": 2}, {"date": "2026-03-29", "name": "양후지 근육통", "count": 4}]', 6, 9, 103, 12, 0, 506, 11),
  ('260613-05', 4, '거센펀치', null, 52.5, -1.5, true, '유승완', null, '584승(9.3%)/25승', '1전(1/0/0)', 3, '거', '2023-03-22', '밤색', '한국', 38, '섀클포드', '특별스타', '강석대', 162, '정이남', '이관호', 42, '413승(9.7%)', 8, '2/-/-/-/-', 41250, '1:28.4', '1:28.5', '260510서4R국5 1300핸맑5%(30) 260412서6R국5 1400핸맑12%(29) 260302서5R국5 1300핸비9%(29) 260124서3R국6 1400별A맑3%(0)', '{"건조": [2, 0, 0]}', '2026-05-07', '출발불', '[{"date": "2026-05-12", "name": "좌후지교돌상", "count": 7}, {"date": "2026-04-01", "name": "우후 구절 좌상", "count": 5}, {"date": "2026-03-25", "name": "마비성근색소뇨증", "count": 1}]', 5, 11, 124, 20, 0, 482, -8),
  ('260613-05', 5, '아모스골드', null, 52.5, 0.0, true, '빅투아르', null, '327승(11.1%)/49승', '0전(0/0/0)', 3, '수', '2023-05-02', '흑갈색', '미국', 38, 'DIALED IN', 'FOXY SARA', '홍애란', 15, '외국', '최용건', 51, '169승(10.7%)', 1, '-/-/1/-/-', 8400, null, null, '260516서6R혼4 1200핸맑3%(40) 260416-1R 주행심사 1000 맑8% 260402-2R 주행심사 1000 맑10% 250731-1R 주행심사 1000 맑3%', '{"건조": [0, 0, 1]}', '2026-05-13', '양호', '[{"date": "2026-06-03", "name": "우후계부찰과상", "count": 1}, {"date": "2026-05-18", "name": "우후지교돌상", "count": 3}, {"date": "2026-05-14", "name": "운동기인성 피로회복", "count": 1}]', 4, 15, 218, 22, 0, 514, -12),
  ('260613-05', 6, '블루레인', null, 53.0, -3.0, false, '정정희', null, '223승(7.4%)/50승', '6전(2/1/0)', 3, '거', '2023-03-23', '갈색', '한국', 40, '언캡처드', '에코굿', '조근식', 14, '김기석', '안병기', 22, '517승(9.9%)', 11, '3/1/-/-/-', 75900, '1:28.7', '1:29.5', '260509서5R국5 1200핸맑5%(33) 260412서5R국5 1200핸맑12%(27) 260314서5R국5 1200핸맑7%(29) 260214서6R국5 1200핸맑3%(30)', '{"건조": [2, 1, 0], "양호": [1, 0, 0]}', '2026-05-07', '양호', '[{"date": "2026-06-03", "name": "좌후지교돌상", "count": 3}, {"date": "2026-03-29", "name": "구내염", "count": 1}, {"date": "2026-03-28", "name": "정치", "count": 1}]', 5, 11, 157, 14, 0, 524, -4),
  ('260613-05', 7, '파리의불꽃', null, 58.0, 0.5, false, '임기원', null, '459승(13.8%)/12승', '0전(0/0/0)', 3, '수', '2023-04-08', '갈색', '미국', 50, 'CUPID', 'SNOW', '(주)디알엠씨티', 123, '외국', '송문길', 40, '525승(13.8%)', 3, '1/-/-/1/-', 44250, '1:27.8', '1:28.5', '260404서10R혼4 1400핸맑6%(43) 260214서11R혼4 1400핸맑3%(46) 260110서2R혼4 1200별A강8%(38) 251121-3R 주행심사 1000 맑3%', '{"양호": [1, 0, 0]}', '2026-06-10', '양호', '[{"date": "2026-06-03", "name": "좌후지교돌상", "count": 7}, {"date": "2026-05-03", "name": "마체검사", "count": 1}]', 10, 11, 124, 19, 0, 528, 9),
  ('260613-05', 8, '벨로테로', null, 54.0, 3.0, false, '우인철', '-2', '27승(8.2%)/27승', '0전(0/0/0)', 5, '암', '2021-04-26', '밤색', '한국', 50, '투아너앤드서브', '플라이톱', '박시용', 98, '김영일', '서홍수', 24, '380승(10.4%)', 26, '3/3/4/3/1', 160250, '1:26.1', '1:28.4', '260516서7R혼3 1800핸맑3%(59) 260416-1R 주행심사 1000 맑8% 260404서8R혼3 1600핸맑7%(56) 251213서7R국3 1400핸비불(54)', '{"건조": [2, 0, 3], "양호": [1, 1, 0], "다습": [0, 1, 0], "포화": [0, 1, 1]}', '2026-04-02', '양호', '[{"date": "2026-05-30", "name": "진정(장제)", "count": 2}, {"date": "2026-04-08", "name": "우전지파행", "count": 2}, {"date": "2026-03-18", "name": "양후지 근육통", "count": 1}]', 4, 10, 113, 5, 0, 456, -2),
  ('260613-06', 1, '벌교디와이', null, 52.5, 0.0, false, '빅투아르', null, '327승(11.1%)/49승', '4전(0/1/0)', 4, '수', '2022-03-23', '흑갈색', '한국', 36, 'CONNECT', '미드나이트칵테일', '유성훈', 19, '김명식', '서홍수', 24, '380승(10.4%)', 16, '1/3/1/2/1', 61350, '1:50.8', '1:52.0', '260516서8R혼4 1600핸맑3%(38) 260418서8R혼4 1600핸맑4%(47) 260328서8R혼4 1600핸맑3%(43) 260312-2R 주행심사 1000 흐10%', '{"건조": [0, 1, 1], "다습": [0, 2, 0], "포화": [1, 0, 0]}', '2026-05-14', '진입불', '[{"date": "2026-06-01", "name": "양전지 부종", "count": 3}, {"date": "2025-10-15", "name": "우전지 부종", "count": 2}, {"date": "2025-10-06", "name": "좌전지파행", "count": 4}]', 4, 10, 118, 15, 0, 498, 8),
  ('260613-06', 2, '학산카이로', null, 56.0, 1.0, false, '씨씨웡', null, '102승(13.5%)/52승', '4전(0/1/1)', 4, '수', '2022-04-07', '회색', '한국', 43, 'CAIRO PRINCE', '베네핏에스티', '황봉기', 32, '(주)씨엔에이', '박병일', 27, '246승(9.1%)', 22, '-/7/4/2/5', 115350, '1:51.8', '1:52.7', '260523서8R혼4 1700핸맑13%(40) 260426서5R혼4 1700핸맑3%(43) 260321서9R혼4 1700핸맑5%(41) 260301서6R국4 1600핸맑3%(42)', '{"건조": [0, 4, 2], "양호": [0, 2, 1], "포화": [0, 0, 1], "불량": [0, 1, 0]}', '2026-05-21', '양호', '[{"date": "2026-05-28", "name": "양후지 근육통", "count": 2}, {"date": "2026-05-21", "name": "운동기인성 피로회복", "count": 2}, {"date": "2026-04-10", "name": "좌중족부찰과상", "count": 2}]', 3, 12, 143, 20, 10, 481, -2),
  ('260613-06', 3, '신의운명', null, 52.5, -3.0, true, '조상범', null, '113승(3.7%)/12승', '2전(0/0/0)', 5, '거', '2021-04-02', '갈색', '한국', 31, '퍼지', '로켓퀸', '김진태a', 77, '농업회사법인 굿원', '문병기', 21, '173승(13.6%)', 33, '2/1/-/4/2', 58600, '1:52.4', '1:52.8', '260531서4R국5 1400핸맑7%(30) 260503서7R혼4 1800핸흐11%(41) 260411서8R국5 1800핸맑13%(30) 260328서8R혼4 1600핸맑3%(43)', '{"건조": [1, 0, 0], "다습": [0, 1, 0], "포화": [1, 0, 0]}', '2026-06-10', '양호', '[{"date": "2026-06-01", "name": "양후지 근육통", "count": 2}, {"date": "2026-04-12", "name": "양각막염", "count": 1}]', 2, 14, 175, 15, 0, 491, 8),
  ('260613-06', 4, '월드조이', null, 55.0, 1.5, false, '김옥성', null, '561승(6.1%)/2승', '1전(0/0/0)', 4, '수', '2022-03-03', '갈색', '한국', 41, '아임유어파더', '조이오브캡틴', '송태형', 7, '김을분', '홍대유', 6, '481승(8.7%)', 21, '2/5/3/2/3', 129450, '1:47.5', '1:51.1', '260517서9R혼4 1800핸맑3%(47) 260411서10R혼4 1700핸맑13%(42)260314서9R혼4 1800핸흐7%(45) 260215서6R국4 1800핸맑3%(44)', '{"건조": [0, 2, 1], "양호": [2, 0, 1], "다습": [0, 2, 0], "포화": [0, 1, 1]}', '2026-05-15', '양호', '[{"date": "2026-04-29", "name": "양후지 근육통", "count": 2}, {"date": "2026-04-12", "name": "양각막염", "count": 2}, {"date": "2026-03-04", "name": "식이성 식욕부진", "count": 1}]', 4, 10, 188, 16, 0, 532, -3),
  ('260613-06', 5, '금아포모스트', null, 54.0, 1.5, false, '유승완', null, '584승(9.3%)/25승', '0전(0/0/0)', 4, '거', '2022-04-03', '갈색', '한국', 39, '섀클포드', '싱그러운봄', '금아산업(주)', 37, '조창석', '이관호', 42, '413승(9.7%)', 17, '-/7/2/-/4', 89100, '1:54.2', '1:54.2', '260509서8R혼4 1400핸맑5%(41) 260329서7R국4 1600핸맑3%(43) 260215서5R국5 1300핸맑3%(30) 260104서4R국5 1300핸맑12%(31)', '{"건조": [0, 4, 2], "양호": [0, 1, 0], "다습": [0, 2, 0]}', null, null, '[{"date": "2026-05-30", "name": "좌후지교돌상", "count": 3}, {"date": "2026-05-04", "name": "운동기인성 피로회복", "count": 1}, {"date": "2026-04-29", "name": "운동기인성 피로회복", "count": 1}]', 5, 12, 129, 14, 0, 474, -10),
  ('260613-06', 6, '라온니진스키', null, 57.0, 4.0, false, '조재로', null, '282승(9.8%)/66승', '10전(2/2/4)', 4, '거', '2022-03-18', '밤색', '한국', 45, '섀클포드', '황금빛지중해', '라온랜드(주)', 38, '윤지중', '박종곤', 1, '653승(11.4%)', 14, '2/2/4/1/1', 96900, '1:51.5', '1:51.5', '260412서3R혼4 1400핸맑12%(43) 260125서7R혼4 1600핸맑3%(44) 251213서5R국5 1400핸비불(30) 251026서6R국5 1400핸흐7%(30)', '{"건조": [1, 1, 2], "다습": [0, 1, 1], "포화": [0, 0, 1], "불량": [1, 0, 0]}', '2026-04-09', '출자불', '[{"date": "2026-05-30", "name": "진정(장제)", "count": 1}, {"date": "2026-05-03", "name": "우후계부찰과상", "count": 1}]', 9, 9, 107, 15, 0, 458, 3),
  ('260613-06', 7, '파드슈발', null, 55.5, 2.0, false, '이동하', null, '313승(10.9%)/64승', '4전(2/1/0)', 3, '수', '2023-04-27', '밤색', '한국', 42, '레이스데이', '리마커블스토리', '김길리', 18, '강태종', '최용건', 51, '169승(10.7%)', 6, '2/2/-/2/-', 78600, '1:50.5', '1:51.4', '260510서7R혼4 1700핸맑5%(41) 260411서10R혼4 1700핸맑13%(42)260308서8R혼4 1700핸맑13%(41) 260201서4R국5 1400핸맑2%(28)', '{"건조": [1, 0, 0], "다습": [1, 2, 0]}', '2026-05-08', '양호', '[{"date": "2026-05-31", "name": "양후지 근육통", "count": 2}, {"date": "2026-05-21", "name": "비정상 치아 마모", "count": 1}, {"date": "2026-05-11", "name": "양전지 부종", "count": 2}]', 5, 18, 229, 17, 4, 503, -1),
  ('260613-06', 8, '블랙사탕', null, 56.5, 2.0, false, '정정희', null, '223승(7.4%)/50승', '10전(4/1/4)', 4, '암', '2022-04-21', '갈색', '한국', 48, '제이피즈거스토', '월들리듀드', '이강운', 82, '(주)녹원목장', '리카디', 34, '262승(15.7%)', 10, '4/1/4/-/-', 143250, '1:51.7', '1:52.8', '260604-4R 주행심사 1000 맑3% 260314서9R혼4 1800핸흐7%(45) 260125서8R국4 1800핸맑3%(47) 251026서3R국4 1800핸흐5%(45)', '{"건조": [3, 1, 3], "다습": [1, 0, 0], "불량": [0, 0, 1]}', null, null, '[{"date": "2025-12-15", "name": "좌전지파행", "count": 4}, {"date": "2025-12-11", "name": "양전지파행", "count": 1}, {"date": "2025-12-03", "name": "양후지교돌상", "count": 3}]', 13, 17, 174, 25, 0, 487, -5),
  ('260613-06', 9, '러브오마인', null, 52.5, 0.0, true, '김용근', null, '1,010승(15.1%)/42승', '7전(0/0/0)', 5, '암', '2021-04-21', '갈색', '한국', 37, '크리솔라이트', '상류', '한춘택', 2, '강홍수', '전승규', 25, '227승(12.7%)', 20, '2/1/1/3/5', 79050, '1:51.7', '1:52.4', '260531서7R국4 1600핸맑6%(47) 260503서7R혼4 1800핸흐11%(41) 260328서8R혼4 1600핸맑3%(43) 260308서6R국4 1200핸맑13%(41)', '{"건조": [1, 0, 0], "다습": [1, 1, 1]}', '2026-05-29', '양호', '[{"date": "2026-06-01", "name": "양후지 근육통", "count": 4}, {"date": "2025-07-02", "name": "운동기인성 피로회복", "count": 1}]', 2, 14, 138, 24, 0, 464, -1),
  ('260613-07', 1, '히어로짱', null, 52.5, 0.0, true, '임다빈', null, '184승(8.1%)/24승', '7전(0/1/1)', 4, '거', '2022-04-21', '갈색', '미국', 37, 'AMERICAN FREEDOM', 'MYSTIC MIRAGE', '임재형', 20, '외국', '배휴준', 29, '345승(6.6%)', 11, '-/1/1/1/2', 29400, '1:59.2', '1:59.4', '260302서7R혼4 1700핸비10%(43) 260124서8R혼4 1700핸맑3%(42) 251130서10R혼4 1700핸흐10%(38)250927서8R혼4 1800핸맑11%야(40)', '{"건조": [0, 1, 0], "다습": [0, 0, 1]}', null, null, '[{"date": "2026-03-02", "name": "양각막염", "count": 1}, {"date": "2026-02-09", "name": "좌전내측 제구부 찰", "count": 2}, {"date": "2025-07-28", "name": "좌각막염", "count": 2}]', 15, 8, 91, 8, 0, 408, -1),
  ('260613-07', 2, '마이던', null, 52.5, 0.0, true, '서승운', null, '946승(17.9%)/110승', '0전(0/0/0)', 3, '수', '2023-02-16', '갈색', '미국', 36, 'BRETHREN', 'SOUTHERN TODDY', '권경자', 150, '외국', '정호익', 10, '670승(10.1%)', 10, '-/-/1/2/2', 19200, null, null, '260516서8R혼4 1600핸맑3%(38) 260507-4R 주행심사 1000 맑7% 260404서10R혼4 1400핸맑6%(43) 260214서11R혼4 1400핸맑3%(46)', '{"포화": [0, 0, 1]}', '2026-04-22', '양호', '[{"date": "2026-06-07", "name": "운동기인성 피로회복", "count": 4}, {"date": "2026-05-16", "name": "좌후지교돌상", "count": 1}, {"date": "2026-03-25", "name": "운동기인성 피로회복", "count": 1}]', 4, 7, 97, 9, 0, 506, 4),
  ('260613-07', 3, '스터닝플래터', null, 57.5, 0.0, false, '마이아', null, '88승(16.2%)/48승', '2전(0/0/1)', 5, '거', '2021-04-22', '회색', '한국', 50, '한센', '팔메토플래터', '박정배', 47, '금강목장 농업회사법인 주(5식2조회)', '사김동균', null, '395승(9.3%)', 21, '2/3/7/3/4', 136050, '1:58.7', '2:00.0', '260517서9R혼4 1800핸맑3%(47) 260411서10R혼4 1700핸맑13%(42)260314서9R혼4 1800핸흐7%(45) 260207서9R혼4 1800핸맑2%(42)', '{"건조": [1, 2, 2], "양호": [1, 0, 1], "다습": [0, 1, 2], "포화": [0, 0, 2]}', '2026-05-14', '양호', '[{"date": "2026-06-04", "name": "운동기인성 피로회복", "count": 1}, {"date": "2026-05-20", "name": "좌후지파행", "count": 2}, {"date": "2026-05-06", "name": "정치", "count": 1}]', 4, 9, 94, 12, 0, 489, 6),
  ('260613-07', 4, '럭키붐', null, 54.0, -0.5, false, '권중석', '-3', '19승(8.0%)/19승', '1전(0/0/0)', 5, '거', '2021-03-15', '갈색', '미국', 49, 'LOOKIN AT LUCKY', 'BEDANKEN', '황은호', 75, '외국', '이관호', 42, '413승(9.7%)', 26, '3/-/-/3/2', 105300, '1:58.8', '2:00.4', '260604-3R 주행심사 1000 맑3% 260517서9R혼4 1800핸맑3%(47) 260502서9R혼3 1800핸흐3%(57) 260404서7R혼4 1800핸맑7%(40)', '{"건조": [2, 0, 0], "다습": [1, 0, 0]}', '2026-05-15', '양호', '[{"date": "2026-05-06", "name": "운동기인성 피로회복", "count": 1}, {"date": "2026-04-30", "name": "운동기인성 피로회복", "count": 1}, {"date": "2025-12-30", "name": "정치", "count": 1}]', 4, 10, 94, 13, 0, 436, -2),
  ('260613-07', 5, '벌교낙성', null, 53.5, -0.5, false, '장추열', null, '586승(11.6%)/69승', '0전(0/0/0)', 4, '수', '2022-03-28', '흑갈색', '미국', 42, 'FIRST SAMURAI', 'A TOUCH OF GLORY', '유성훈', 19, '외국', '강성오', 9, '219승(12.2%)', 7, '-/1/1/1/3', 32400, null, null, '260510서6R혼4 1400핸맑5%(42) 260404서10R혼4 1400핸맑6%(43) 260308서7R혼4 1400핸맑13%(41) 260131서7R혼4 1400핸맑2%(43)', '{"양호": [0, 1, 0], "다습": [0, 0, 1]}', '2026-05-07', '양호', '[{"date": "2026-05-29", "name": "정치", "count": 1}, {"date": "2026-05-13", "name": "양전지파행", "count": 3}, {"date": "2026-05-07", "name": "운동기인성 피로회복", "count": 1}]', 5, 11, 138, 19, 0, 456, 3),
  ('260613-07', 6, '샤이닝로드', null, 55.5, 0.5, false, '최범현', null, '957승(12.8%)/41승', '3전(1/1/0)', 4, '거', '2022-04-21', '밤색', '미국', 46, 'MIDSHIPMAN', 'CRYSTIAN D''ORO', '이윤석', 3, '외국', '성상현', 20, '13승(12.4%)', 7, '1/1/-/-/2', 51000, '2:01.2', '2:01.3', '260517서9R혼4 1800핸맑3%(47) 260418서8R혼4 1600핸맑4%(47) 260308서8R혼4 1700핸맑13%(41) 260124서8R혼4 1700핸맑3%(42)', '{"건조": [0, 1, 0], "다습": [1, 0, 0]}', '2026-05-27', '양호', '[{"date": "2026-05-29", "name": "좌후지 부종", "count": 2}, {"date": "2026-05-23", "name": "양후지 근육통", "count": 5}, {"date": "2026-04-16", "name": "운동기인성 피로회복", "count": 1}]', 4, 9, 110, 17, 0, 514, 2),
  ('260613-07', 7, '윈캐처', null, 52.5, 0.0, false, '빅투아르', null, '327승(11.1%)/49승', '2전(0/0/1)', 4, '거', '2022-04-25', '갈색', '미국', 40, 'SEEKING THE SOUL', 'BABY SISTER', '홍애란', 15, '외국', '홍윤화', 13, '14승(10.5%)', 12, '-/1/2/2/1', 39000, null, null, '260523서8R혼4 1700핸맑13%(40) 260425서8R혼4 1200핸맑3%(43) 260416-2R 주행심사 1000 맑8% 260326-3R 주행심사 1000 맑3%', '{"건조": [0, 0, 1], "양호": [0, 1, 0], "다습": [0, 0, 1]}', '2026-05-21', '양호', '[{"date": "2026-05-25", "name": "우전지 부종", "count": 3}, {"date": "2026-03-28", "name": "우전지 근육통", "count": 3}, {"date": "2026-02-12", "name": "좌전내측 제구부 찰", "count": 1}]', 3, 13, 132, 19, 7, 491, -5),
  ('260613-07', 8, '메가스텝', null, 55.0, 0.0, false, '이동하', null, '313승(10.9%)/64승', '6전(2/2/1)', 5, '암', '2021-02-02', '갈색', '한국', 49, 'FREE DROP BILLY', '콘지', '피닉스', 26, '선경래', '송문길', 40, '525승(13.8%)', 17, '3/3/3/1/3', 131100, null, null, '260510서7R혼4 1700핸맑5%(41) 260405서8R국4 1700핸맑6%(44) 260301서8R혼4암 1400핸맑3%(46) 260125서7R혼4 1600핸맑3%(44)', '{"건조": [2, 1, 2], "양호": [1, 1, 1], "다습": [0, 1, 0]}', '2026-06-10', '양호', '[{"date": "2026-05-10", "name": "좌후지교돌상", "count": 1}, {"date": "2026-03-01", "name": "우후지교돌상", "count": 3}, {"date": "2026-01-29", "name": "우전구절염좌", "count": 4}]', 5, 8, 110, 8, 0, 425, 0),
  ('260613-07', 9, '하이폴리', null, 52.5, 0.0, true, '정우주', null, '115승(5.3%)/21승', '0전(0/0/0)', 5, '수', '2021-06-19', '흑갈색', '한국', 38, '더킹', '팬시폴리', '김은갑', 29, '이상영', '문병기', 21, '173승(13.6%)', 20, '2/-/4/2/1', 74850, '2:00.3', '2:01.0', '260524서7R국4 1800핸맑10%(40) 260510서6R혼4 1400핸맑5%(42) 260315서8R혼4 1300핸맑6%(41) 260215서9R혼4 1700핸맑3%(48)', '{"건조": [1, 0, 2], "양호": [1, 0, 0], "다습": [0, 0, 1], "포화": [0, 0, 1]}', '2026-05-21', '양호', '[{"date": "2026-05-11", "name": "양후지 근육통", "count": 1}, {"date": "2026-03-27", "name": "우전지파행", "count": 2}, {"date": "2026-03-25", "name": "양후지교돌상", "count": 2}]', 3, 14, 176, 15, 0, 500, -8),
  ('260613-08', 1, '콜긴', null, 54.5, 0.0, false, '최범현', null, '957승(12.8%)/41승', '3전(0/1/0)', 5, '거', '2021-05-17', '갈색', '미국', 57, 'LAOBAN', 'BLUE CLARET', '박병룡', 20, '외국', '최봉주', 16, '270승(7.0%)', 26, '2/3/3/2/2', 160950, '1:39.9', '1:41.5', '260516서7R혼3 1800핸맑3%(59) 260418서9R혼3 1800핸맑4%(58) 260302서9R혼3 1600핸비11%(61) 260124서4R혼3 1800핸맑3%(61)', '{"건조": [2, 3, 2], "양호": [0, 0, 1]}', '2026-05-14', '양호', '[{"date": "2026-05-19", "name": "양각막염", "count": 7}, {"date": "2026-04-16", "name": "운동기인성 피로회복", "count": 1}, {"date": "2026-04-06", "name": "양후지 근육통", "count": 3}]', 4, 14, 156, 20, 0, 489, 3),
  ('260613-08', 2, '마이티숀', null, 53.0, 0.0, false, '임기원', null, '459승(13.8%)/12승', '1전(0/0/0)', 5, '암', '2021-04-07', '밤색', '미국', 58, 'BUCCHERO', 'STRIKING T', '조제형', 6, '외국', '함완식', 28, '52승(8.4%)', 20, '1/3/5/2/2', 143700, '1:41.3', '1:42.5', '260426서8R혼3 1600핸맑3%(58) 260322서10R혼3 1200핸맑5%(55) 260215서10R혼3암 1400핸맑3%(58) 251227서10R혼3암 1400핸흐14%(57)', '{"건조": [0, 0, 1], "양호": [0, 2, 3], "다습": [1, 0, 1], "포화": [0, 1, 0]}', '2026-04-23', '양호', '[{"date": "2026-06-02", "name": "양후지 근육통", "count": 4}, {"date": "2026-05-23", "name": "마비성근색소뇨증", "count": 2}, {"date": "2026-04-27", "name": "양각막염", "count": 1}]', 7, 11, 141, 12, 0, 462, 0),
  ('260613-08', 3, '드림아너', null, 56.5, 0.5, false, '정정희', null, '223승(7.4%)/50승', '2전(0/0/0)', 4, '수', '2022-04-16', '갈색', '미국', 61, 'GORMLEY', 'PEACEFUL SPLENDOR', '배태곤', 92, '외국', '박병일', 27, '246승(9.1%)', 17, '1/5/1/2/2', 142500, '1:39.2', '1:40.5', '260503서6R혼3 1600핸흐10%(60) 260329서10R혼3 1400핸맑3%(60) 251214서10R혼3 1800핸맑18%(59)251109서8R혼3 1600핸맑3%(58)', '{"건조": [1, 1, 1], "양호": [0, 1, 0], "다습": [0, 1, 0], "포화": [0, 2, 0]}', '2026-04-30', '출자불', '[{"date": "2026-05-03", "name": "양각막염", "count": 1}, {"date": "2026-05-01", "name": "운동기인성 피로회복", "count": 1}, {"date": "2026-04-01", "name": "양전지 부종", "count": 3}]', 6, 14, 194, 16, 14, 489, -20),
  ('260613-08', 4, '마이티코드', null, 53.5, -3.0, false, '마이아', null, '88승(16.2%)/48승', '1전(1/0/0)', 3, '수', '2023-03-18', '흑갈색', '미국', 55, 'CLOUD COMPUTING', 'SEQUOIA QUEEN', '조제형', 6, '외국', '서홍수', 24, '380승(10.4%)', 7, '2/1/1/1/-', 102150, '1:41.6', '1:41.6', '260510서6R혼4 1400핸맑5%(42) 260307서9R혼4 1600핸맑15%(39) 260207서7R혼4 1300핸맑2%(44) 251221서7R혼4 1400핸맑13%(46)', '{"건조": [2, 0, 1], "불량": [0, 1, 0]}', '2026-05-08', '양호', '[{"date": "2026-03-14", "name": "우완슬부 자창", "count": 3}, {"date": "2026-02-25", "name": "좌전지파행", "count": 5}]', 5, 13, 157, 24, 0, 465, 0),
  ('260613-08', 5, '검이불루', null, 52.5, 0.0, true, '유승완', null, '584승(9.3%)/25승', '1전(0/0/0)', 6, '암', '2020-03-10', '갈색', '한국', 51, '커널존', '블레이징스타', '김우식', 81, '임병효', '강환민', 31, '224승(10.5%)', 31, '3/5/3/1/5', 184250, '1:42.0', '1:43.3', '260517서10R혼3암 1400핸맑3%(58) 260426서6R국4암 1400핸맑3%(40) 260328서7R국4암 1400핸맑3%(46) 260228서11R국4 1200핸맑3%(44)', '{"건조": [1, 1, 2], "다습": [0, 3, 1], "포화": [1, 1, 0], "불량": [1, 0, 0]}', null, null, '[{"date": "2026-04-10", "name": "마비성근색소뇨증", "count": 1}, {"date": "2025-12-13", "name": "발목피부염(계군)", "count": 1}, {"date": "2025-12-06", "name": "좌후지교돌상", "count": 2}]', 4, 17, 136, 17, 0, 482, 2),
  ('260613-08', 6, '럭키프랭크', null, 55.0, 2.5, false, '코지', null, null, '6전(1/0/4)', 4, '수', '2022-04-26', '갈색', '미국', 58, 'FRANK CONVERSATION', 'LUCKY NANCY E', '권경자', 150, '외국', '박재우', 50, '583승(12.3%)', 17, '2/1/5/1/1', 138300, '1:39.9', '1:41.1', '260503서6R혼3 1600핸흐10%(60) 260404서8R혼3 1600핸맑7%(56) 260312-3R 주행심사 1000 흐10% 251221서10R혼3 1400핸맑13%(59)', '{"건조": [1, 0, 2], "양호": [1, 0, 1], "다습": [0, 1, 2]}', '2026-05-01', '양호', '[{"date": "2026-05-04", "name": "좌각막염", "count": 4}, {"date": "2026-04-10", "name": "정치", "count": 1}, {"date": "2026-03-13", "name": "양후지 근육통", "count": 2}]', 6, 10, 114, 16, 0, 509, 4),
  ('260613-08', 7, '파사스퍼트', null, 52.5, 0.0, true, '조재로', null, '282승(9.8%)/66승', '0전(0/0/0)', 3, '수', '2023-03-09', '밤색', '미국', 52, 'BASIN', 'SEIZE THE EMPRESS', '황현', 10, '외국', '강성오', 9, '219승(12.2%)', 5, '2/1/-/1/-', 82125, '1:40.3', '1:40.3', '260308서9R혼3 1800핸맑12%(60) 260125서7R혼4 1600핸맑3%(44) 251206서2R혼4 1200별A흐9%(39) 251108서3R혼4 1200별A흐3%(38)', '{"건조": [1, 1, 0], "양호": [1, 0, 0]}', null, null, '[{"date": "2026-05-04", "name": "우전지 부종", "count": 5}, {"date": "2026-03-25", "name": "비정상 치아 마모", "count": 1}, {"date": "2026-03-11", "name": "양전지파행", "count": 3}]', 14, 12, 135, 17, 5, 478, -3),
  ('260613-08', 8, '글로벌챔프', null, 54.5, -2.0, false, '씨씨웡', null, '102승(13.5%)/52승', '6전(4/0/1)', 3, '거', '2023-03-05', '밤색', '한국', 57, '가온챔프', '가온퀸', '장재형', 192, '가온영농조합법인', '전승규', 25, '227승(12.7%)', 6, '4/-/1/1/-', 126150, '1:41.8', '1:41.8', '260517서6R국4 1600핸맑3%(42) 260418서10R국4 1400핸맑4%(42) 260314서7R국4 1400핸맑7%(44) 260214서6R국5 1200핸맑3%(30)', '{"건조": [3, 0, 0], "양호": [0, 0, 1], "포화": [1, 0, 0]}', '2026-05-14', '양호', '[{"date": "2026-05-18", "name": "양후지 근육통", "count": 4}, {"date": "2026-05-14", "name": "운동기인성 피로회복", "count": 2}, {"date": "2026-03-28", "name": "정치", "count": 1}]', 4, 14, 139, 19, 0, 488, -6),
  ('260613-08', 9, '서클에이', null, 57.0, 3.5, false, '푸르칸', null, '60승(7.2%)/24승', '7전(3/1/1)', 3, '수', '2023-05-13', '흑갈색', '미국', 62, 'HIGHER POWER', 'ROUGH STUFF', '이기선', 131, '외국', '리카디', 34, '262승(15.7%)', 7, '3/1/1/2/-', 136950, null, null, '260321서10R혼3 1800핸맑5%(57) 260215서9R혼4 1700핸맑3%(48) 260117서7R혼4 1800핸맑5%(43) 251221서7R혼4 1400핸맑13%(46)', '{"건조": [2, 1, 0], "다습": [1, 0, 1]}', '2026-03-19', '양호', '[{"date": "2026-05-12", "name": "우전지파행", "count": 4}, {"date": "2026-05-08", "name": "양후지 근육통", "count": 3}, {"date": "2026-03-02", "name": "구내염", "count": 2}]', 12, 17, 197, 24, 0, 470, -4),
  ('260613-08', 10, '블루피오라', null, 54.0, 0.5, false, '김용근', null, '1,010승(15.1%)/42승', '2전(0/1/0)', 4, '암', '2022-05-07', '흑갈색', '미국', 60, '테이크차지인디', 'LIVE THE MOMENT', '최병욱', 12, '외국', '박윤규', 4, '403승(7.6%)', 10, '1/3/2/1/-', 113400, null, null, '260301서10R혼3 1200핸맑3%(59) 251227서10R혼3암 1400핸흐14%(57) 251213서10R혼3 1400핸비불(53) 250823서9R혼3 1400핸맑4%(57)', '{"건조": [0, 2, 1], "다습": [1, 1, 1]}', null, null, '[{"date": "2026-06-03", "name": "좌후지교돌상", "count": 1}, {"date": "2026-06-01", "name": "운동기인성 피로회복", "count": 1}, {"date": "2026-05-31", "name": "진정(장제)", "count": 3}]', 15, 16, 205, 21, 14, 517, 6),
  ('260613-09', 1, '안양기쁨', null, 54.0, 0.0, false, '권중석', '-3', '19승(8.0%)/19승', '3전(1/0/0)', 4, '암', '2022-04-01', '밤색', '한국', 50, '투아너앤드서브', '찬란한에이스', '(주)에이에프피', 24, '김영주', '홍대유', 6, '481승(8.7%)', 23, '4/2/1/5/1', 166200, '1:21.5', '1:22.0', '260516서8R혼4 1600핸맑3%(38) 260418서10R국4 1400핸맑4%(42) 260322서6R혼4암 1400핸맑5%(43) 260215서6R국4 1800핸맑3%(44)', '{"건조": [2, 1, 0], "양호": [2, 0, 0], "포화": [0, 1, 1]}', '2026-05-14', '양호', '[{"date": "2026-06-03", "name": "우비절부 찰과상", "count": 3}, {"date": "2026-05-17", "name": "양후지 근육통", "count": 1}, {"date": "2026-04-20", "name": "우전지파행", "count": 2}]', 4, 10, 177, 14, 0, 491, 1),
  ('260613-09', 2, '참좋은질주', null, 56.0, 0.5, false, '이혁', null, '588승(10.1%)/35승', '1전(0/0/1)', 5, '암', '2021-03-10', '밤색', '한국', 48, '컬러즈플라잉', '록코모도', '임동현', 29, '홀스앤영농조합법인', '정호익', 10, '670승(10.1%)', 24, '3/3/3/-/1', 128850, '1:24.0', '1:24.0', '260507-2R 주행심사 1000 맑7% 250831서7R국4 1700핸비13%(40) 250727서10R국4 1700핸맑3%(40) 250628서6R국4 1700핸흐11%(43)', '{"건조": [1, 0, 1], "양호": [1, 2, 1], "다습": [0, 1, 0], "포화": [0, 0, 1], "불량": [1, 0, 0]}', null, null, '[{"date": "2026-06-03", "name": "좌전구절염좌", "count": 4}, {"date": "2026-05-08", "name": "좌후지교돌상", "count": 2}]', 41, 8, 101, 6, 0, 504, -2),
  ('260613-09', 3, '위즈스타', null, 55.0, 1.0, false, '송재철', null, '418승(8.5%)/41승', '3전(1/0/1)', 3, '암', '2023-02-17', '흑갈색', '미국', 46, 'CARAVAGGIO', 'MYBROKENHOME', '최몽주', 108, '외국', '전승규', 25, '227승(12.7%)', 3, '1/-/1/-/-', 51750, null, null, '260328서2R혼4 1200별A맑3%(39) 260228서2R혼4 1200별A맑3%(38) 260110서2R혼4 1200별A강8%(38) 251204-3R 주행심사 1000 맑8%', '{"건조": [1, 0, 1]}', '2026-03-26', '양호', '[{"date": "2026-06-03", "name": "양후지 근육통", "count": 3}, {"date": "2026-04-08", "name": "우전지 부종", "count": 8}, {"date": "2026-01-08", "name": "운동기인성 피로회복", "count": 1}]', 11, 17, 164, 21, 0, 475, -3),
  ('260613-09', 4, '카인드큐피드', null, 52.5, 1.5, true, '조한별', null, '127승(4.4%)/18승', '0전(0/0/0)', 3, '암', '2023-01-17', '갈색', '미국', 35, 'INSTILLED REGARD', 'KIND HUMOR', '서순배', 171, '외국', '강환민', 31, '224승(10.5%)', 4, '-/-/-/-/-', 0, null, null, '260516서8R혼4 1600핸맑3%(38) 260409-2R 주행심사 1000 비6% 260124서8R혼4 1700핸맑3%(42) 251130서6R혼4 1400핸흐10%(42)', null, '2026-04-08', '양호', '[{"date": "2026-05-17", "name": "양각막염", "count": 1}, {"date": "2026-03-25", "name": "정치", "count": 1}, {"date": "2026-01-26", "name": "우전지파행", "count": 2}]', 4, 11, 118, 20, 0, 498, 2),
  ('260613-09', 5, '성실대로', null, 52.0, -2.5, false, '정우주', null, '115승(5.3%)/21승', '8전(0/1/3)', 5, '암', '2021-03-28', '밤색', '한국', 40, '섀클포드', '행복을찾아', '이동훈', 13, '이용대', '심승태', 37, '230승(6.8%)', 25, '2/3/4/6/2', 122050, '1:21.2', '1:22.5', '260523서6R국4암 1400핸맑13%(40) 260425서9R혼4암 1300핸맑3%(44) 260328서7R국4암 1400핸맑3%(46) 260228서11R국4 1200핸맑3%(44)', '{"건조": [0, 1, 2], "양호": [1, 1, 0], "다습": [1, 1, 1], "포화": [0, 0, 1]}', '2026-03-26', '양호', '[{"date": "2026-06-03", "name": "양후지 근육통", "count": 2}, {"date": "2026-03-03", "name": "우전지파행", "count": 3}, {"date": "2026-02-14", "name": "정치", "count": 1}]', 3, 12, 146, 20, 0, 489, 4),
  ('260613-09', 6, '아카펠', null, 53.0, 0.5, false, '정정희', null, '223승(7.4%)/50승', '6전(2/1/0)', 5, '암', '2021-01-27', '갈색', '한국', 42, '올드패션드', '그랜드마케팅', '배영한', 10, '이광림', '서인석', 33, '640승(9.6%)', 11, '3/1/-/1/1', 89400, '1:21.7', '1:22.3', '260426서6R국4암 1400핸맑3%(40) 260307서8R혼4 1200핸맑15%(38) 260117서9R혼4암 1400핸맑5%(41) 251019서10R혼4암 1400핸맑16%(43)', '{"건조": [1, 1, 0], "다습": [1, 0, 0], "포화": [1, 0, 0]}', '2026-04-24', '양호', '[{"date": "2025-12-06", "name": "좌후제구염", "count": 1}, {"date": "2025-07-29", "name": "좌중수부 좌상", "count": 2}]', 7, 11, 135, 16, 0, 495, 8),
  ('260613-09', 7, '천행챗', null, 51.0, -3.5, false, '조성환', '-4', '6승(2.5%)/6승', '0전(0/0/0)', 5, '암', '2021-02-08', '밤색', '한국', 43, '미스치비어슬리', '어맨다녹스', '조금제', 76, '배은정', '배휴준', 29, '345승(6.6%)', 38, '2/5/3/6/2', 146750, '1:22.3', '1:22.3', '260510서10R혼4 1200핸맑5%(39) 260404서9R혼4 1200핸맑6%(42) 260208서8R국4 1400핸맑2%(43) 260124서10R국4 1200핸맑3%(40)', '{"건조": [0, 1, 1], "양호": [0, 1, 0], "다습": [2, 1, 1], "포화": [0, 2, 1]}', '2026-05-08', '양호', '[{"date": "2026-05-17", "name": "우완관절염", "count": 4}, {"date": "2026-05-10", "name": "우후지교돌상", "count": 1}, {"date": "2026-05-08", "name": "운동기인성 피로회복", "count": 1}]', 5, 6, 58, 5, 8, 452, -3),
  ('260613-09', 8, '제라퀸', null, 52.5, 1.5, true, '김용근', null, '1,010승(15.1%)/42승', '6전(1/1/0)', 5, '암', '2021-01-20', '갈색', '한국', 36, '선더모카신', '제라진', '하늬바람', 15, '이준범', '박천서', 54, '456승(9.5%)', 29, '2/3/2/4/3', 98850, '1:22.0', '1:23.1', '260510서9R국4 1200핸맑5%(41) 260411서6R국4 1200핸맑14%(37) 260308서6R국4 1200핸맑13%(41) 260207서7R혼4 1300핸맑2%(44)', '{"건조": [1, 1, 1], "양호": [0, 1, 1], "다습": [1, 1, 0]}', '2026-05-08', '양호', '[{"date": "2026-03-29", "name": "마비성근색소뇨증", "count": 1}, {"date": "2026-02-08", "name": "양후지 근육통", "count": 1}, {"date": "2026-01-14", "name": "식이성 식욕부진", "count": 1}]', 5, 15, 188, 19, 0, 487, 10),
  ('260613-09', 9, '싹다나은', null, 53.0, 0.5, false, '임기원', null, '459승(13.8%)/12승', '1전(0/1/0)', 4, '암', '2022-03-22', '회색', '한국', 42, '콩코드포인트', '사사', '이진경', 39, '이종진', '함완식', 28, '52승(8.4%)', 11, '2/2/2/-/1', 80850, '1:21.7', '1:21.9', '260510서10R혼4 1200핸맑5%(39) 260328서7R국4암 1400핸맑3%(46) 260312-3R 주행심사 1000 흐10% 260208서8R국4 1400핸맑2%(43)', '{"건조": [1, 1, 1], "양호": [1, 1, 1]}', '2026-05-07', '진입불', '[{"date": "2026-05-14", "name": "좌전구절염", "count": 1}, {"date": "2026-05-12", "name": "좌전지파행", "count": 2}, {"date": "2026-04-29", "name": "양후지 근육통", "count": 1}]', 5, 9, 104, 14, 0, 474, 3),
  ('260613-10', 1, '신의이름', null, 52.5, -1.0, true, '김철호', null, '280승(8.0%)/10승', '3전(0/0/0)', 5, '거', '2021-01-26', '갈색', '미국', 84, 'PALACE MALICE', 'SNACK SHACK', '김진태a', 77, '외국', '문병기', 21, '173승(13.6%)', 35, '4/2/6/4/4', 300400, '1:13.2', '1:14.9', '260510서8R1등 1400핸맑5%(88) 260418서11R1등 1200핸맑4%(89) 260329서9R1등 1800핸맑3%(93) 260301서9R1등 1800별B맑3%(92)', '{"건조": [2, 2, 1], "양호": [1, 0, 2], "다습": [1, 0, 3]}', '2026-05-08', '양호', '[{"date": "2026-03-10", "name": "산통", "count": 1}, {"date": "2026-01-09", "name": "좌중수부 찰과상", "count": 3}, {"date": "2025-11-01", "name": "좌전구절찰과상", "count": 1}]', 5, 13, 167, 16, 0, 456, -2),
  ('260613-10', 2, '거센반격', null, 52.5, -0.5, true, '김용근', null, '1,010승(15.1%)/42승', '3전(1/1/0)', 5, '거', '2021-01-22', '밤색', '한국', 82, '투아너앤드서브', '랩소디', '강석대', 162, '강종우', '이관호', 42, '413승(9.7%)', 23, '6/5/-/1/5', 358750, '1:11.8', '1:14.2', '260418서11R1등 1200핸맑4%(89) 260212-3R 주행심사 1000 맑2% 260104서8R1등 1600핸맑12%(88) 251102서11R1등 1200핸맑5%(88)', '{"건조": [1, 1, 0], "양호": [1, 1, 0], "다습": [4, 3, 0]}', '2026-04-16', '양호', '[{"date": "2026-05-31", "name": "좌후지교돌상", "count": 3}, {"date": "2026-05-28", "name": "마비성근색소뇨증", "count": 1}, {"date": "2026-04-24", "name": "양전지파행", "count": 5}]', 8, 11, 144, 11, 0, 469, -1),
  ('260613-10', 3, '글로벌보배', null, 51.0, -7.5, false, '조성환', '-4', '6승(2.5%)/6승', '1전(0/0/0)', 7, '수', '2019-03-13', '갈색', '한국', 93, '카우보이칼', '이상화', '장재형', 192, '이용대', '정호익', 10, '670승(10.1%)', 38, '7/6/9/3/3', 579900, '1:11.5', '1:13.9', '260418서11R1등 1200핸맑4%(89) 260409-3R 주행심사 1000 비6% 260308서10R1등 1200핸맑12%(88)260208서10R1등 1200핸맑2%(90)', '{"건조": [2, 2, 4], "양호": [1, 3, 1], "다습": [2, 0, 1], "포화": [2, 1, 3]}', '2026-06-10', '양호', '[{"date": "2026-06-07", "name": "운동기인성 피로회복", "count": 1}, {"date": "2026-05-29", "name": "우후지교돌상", "count": 1}, {"date": "2026-04-23", "name": "우전구절염좌", "count": 4}]', 8, 14, 231, 16, 0, 451, -4),
  ('260613-10', 4, '파이널케이', null, 53.0, -4.0, false, '이동하', null, '313승(10.9%)/64승', '0전(0/0/0)', 4, '수', '2022-04-13', '회색', '미국', 91, 'CAIRO PRINCE', 'CLOUDBURST', '강경운', 68, '외국', '우창구', 5, '414승(10.1%)', 9, '6/1/-/-/-', 360250, '1:12.4', '1:13.2', '260517혼 1200협회장 마맑3%(99) 260418서11R1등 1200핸맑4%(89) 260409-2R 주행심사 1000 비6% 260402-1R 주행심사 1000 맑10%', '{"건조": [4, 0, 0], "양호": [0, 1, 0], "다습": [1, 0, 0], "포화": [1, 0, 0]}', '2026-05-15', '양호', '[{"date": "2026-05-19", "name": "좌후지교돌상", "count": 6}, {"date": "2026-05-15", "name": "운동기인성 피로회복", "count": 1}, {"date": "2026-04-23", "name": "우전구절염좌", "count": 4}]', 4, 17, 236, 14, 0, 482, -4),
  ('260613-10', 5, '용암세상', null, 52.5, -2.0, true, '조재로', null, '282승(9.8%)/66승', '3전(0/1/0)', 5, '거', '2021-03-08', '갈색', '한국', 87, '투아너앤드서브', '찬란한여명', '조금제', 76, '박수영', '배휴준', 29, '345승(6.6%)', 17, '6/3/1/2/-', 333000, '1:12.9', '1:13.8', '260510서8R1등 1400핸맑5%(88) 260418서11R1등 1200핸맑4%(89) 260308서10R1등 1200핸맑12%(88)260208서10R1등 1200핸맑2%(90)', '{"건조": [5, 1, 0], "다습": [1, 1, 0], "포화": [0, 0, 1], "불량": [0, 1, 0]}', '2026-06-10', '양호', '[{"date": "2026-05-10", "name": "우후지교돌상", "count": 1}, {"date": "2026-05-08", "name": "운동기인성 피로회복", "count": 2}, {"date": "2026-04-22", "name": "좌후지교돌상", "count": 4}]', 5, 13, 153, 17, 0, 474, 2),
  ('260613-10', 6, '어서말을해', null, 52.5, 0.0, true, '빅투아르', null, '327승(11.1%)/49승', '0전(0/0/0)', 5, '수', '2021-02-06', '갈색', '미국', 82, '모스피릿', 'ANNIE TRUST', '우태율', 135, '외국', '최용건', 51, '169승(10.7%)', 21, '4/2/1/3/4', 274950, '1:12.0', '1:13.2', '260510서8R1등 1400핸맑5%(88) 260308서10R1등 1200핸맑12%(88)251214서11R1등 1200핸맑18%(95)251123서11R1등 1600핸맑3%(98)', '{"양호": [1, 1, 0], "다습": [3, 1, 1]}', '2026-05-08', '양호', '[{"date": "2026-05-27", "name": "양후지 근육통", "count": 1}, {"date": "2026-04-25", "name": "정치", "count": 1}, {"date": "2026-01-02", "name": "좌후 발목피부염(계", "count": 3}]', 5, 15, 183, 18, 0, 474, 3),
  ('260613-10', 7, '새내타운', null, 51.0, -1.5, false, '김태희', null, '95승(6.9%)/17승', '4전(2/0/0)', 6, '수', '2020-01-25', '갈색', '한국', 82, '퍼지', '오마이크릭', '문종원', 5, '(주)녹원목장', '서홍수', 24, '380승(10.4%)', 31, '7/1/4/5/2', 458500, '1:13.6', '1:13.9', '260510서8R1등 1400핸맑5%(88) 260308서10R1등 1200핸맑12%(88)260201서9R1등 1800핸맑2%(92) 251228서11R1등 2000핸맑12%(103)', '{"건조": [3, 0, 0], "양호": [0, 1, 1], "다습": [2, 0, 3], "포화": [2, 0, 0]}', '2026-05-08', '양호', '[{"date": "2026-06-03", "name": "우전지 부종", "count": 3}, {"date": "2026-05-12", "name": "양전지 부종", "count": 3}, {"date": "2026-04-29", "name": "마비성근색소뇨증", "count": 3}]', 5, 8, 92, 5, 0, 506, 7),
  ('260613-10', 8, '실버레인', null, 52.5, -4.5, true, '정정희', null, '223승(7.4%)/50승', '14전(4/3/1)', 4, '수', '2022-03-11', '갈색', '한국', 77, '투아너앤드서브', '플리트코즈웨이', '조근식', 14, '김호균', '안병기', 22, '517승(9.9%)', 17, '5/3/2/1/1', 402300, '1:12.4', '1:13.5', '260517혼 1200협회장 마맑3%(99) 260419서10R2등 1400핸맑3%(73) 260307서11R2등 1200핸맑15%(74)260215국 1200세계일 별A맑3%(97)', '{"건조": [1, 1, 1], "양호": [1, 0, 0], "다습": [1, 2, 1], "포화": [2, 0, 0]}', null, null, '[{"date": "2026-06-03", "name": "좌후지교돌상", "count": 7}, {"date": "2026-05-21", "name": "운동기인성 피로회복", "count": 2}, {"date": "2026-05-15", "name": "운동기인성 피로회복", "count": 2}]', 4, 8, 97, 11, 0, 488, 3),
  ('260613-10', 9, '나이스포스', null, 51.0, -5.5, false, '우인철', '-2', '27승(8.2%)/27승', '2전(0/1/0)', 4, '수', '2022-04-29', '밤색', '미국', 83, '모스피릿', 'CITIZEN EMMA', '박남성', 286, '외국', '문병기', 21, '173승(13.6%)', 12, '5/1/1/2/-', 244800, '1:11.7', '1:13.9', '260524서10R2등 1400핸맑10%(73)260418서11R1등 1200핸맑4%(89) 260307서11R2등 1200핸맑15%(74)260117서11R2등 1200핸맑5%(72)', '{"건조": [2, 0, 0], "다습": [2, 1, 0], "포화": [1, 0, 1]}', '2026-05-22', '양호', '[{"date": "2026-05-20", "name": "운동기인성 피로회복", "count": 1}, {"date": "2026-04-19", "name": "양후지 근육통", "count": 1}]', 3, 13, 145, 16, 0, 527, 2),
  ('260613-10', 10, '벌교베리타스', null, 52.5, -4.5, true, '서승운', null, '946승(17.9%)/110승', '0전(0/0/0)', 5, '수', '2021-02-09', '갈색', '한국', 81, '테스타마타', '인디언블루', '유성훈', 19, '김세민', '박지헌', 18, '47승(12.1%)', 24, '6/5/2/2/3', 328000, '1:11.4', '1:13.8', '260517혼 1200협회장 마맑3%(99) 260412혼 1200SBS 마맑11%(92) 260307서11R2등 1200핸맑15%(74)260131서11R2등 1400핸맑2%(71)', '{"건조": [1, 1, 1], "양호": [3, 0, 1], "다습": [2, 2, 0], "포화": [0, 2, 0]}', '2026-05-15', '양호', '[{"date": "2026-05-24", "name": "양전지 부종", "count": 5}, {"date": "2026-05-06", "name": "양후지 근육통", "count": 1}, {"date": "2026-03-25", "name": "산통", "count": 1}]', 4, 10, 104, 14, 0, 494, -3),
  ('260613-10', 11, '크라운함성', null, 57.5, 2.5, false, '임기원', null, '459승(13.8%)/12승', '2전(0/0/0)', 5, '암', '2021-02-27', '갈색', '한국', 104, '프리덤차일드', '최고야최고', '황의영', 90, '이경우', '이관호', 42, '413승(9.7%)', 20, '8/4/1/2/-', 851900, '1:12.3', '1:13.6', '260517혼 1200협회장 마맑3%(99) 260426혼암 1400뚝섬배 별A맑3%(92) 260215국 1200세계일 별A맑3%(97) 260122-3R 주행심사 1000 맑4%', '{"건조": [4, 1, 1], "양호": [3, 2, 0], "다습": [0, 1, 0], "불량": [1, 0, 0]}', '2026-05-15', '양호', '[{"date": "2026-06-03", "name": "좌후지교돌상", "count": 6}, {"date": "2026-05-24", "name": "양전구절염", "count": 10}, {"date": "2026-05-15", "name": "운동기인성 피로회복", "count": 5}]', 4, 11, 121, 14, 0, 498, -2),
  ('260614-01', 1, '동백', null, 55.0, 0.0, false, '오수철', null, '56승(4.5%)/5승', '2전(0/0/1)', 3, '암', '2023-04-10', '갈색', '한국', null, '언비터블', '슈퍼갤러퍼', '김교완', 0, '(주)늘푸른목장', '이동국', 17, '13승(4.2%)', 5, '-/-/1/1/-', 5700, '1:15.3', '1:16.5', '260510서1R국6 1200별A맑5%(0) 260412서1R국6 1200별A맑12%(0) 260308서1R국6 1200별A맑14%(0) 260131서1R국6 1300별A맑2%(0)', '{"건조": [0, 0, 1]}', '2026-05-08', '양호', '[{"date": "2026-06-03", "name": "좌후지교돌상", "count": 2}, {"date": "2026-05-12", "name": "우전지파행", "count": 2}, {"date": "2026-04-29", "name": "양후지 근육통", "count": 3}]', 5, 10, 134, 17, 0, 493, 2),
  ('260614-01', 2, '파인윈드', null, 57.0, 0.0, false, '푸르칸', null, '60승(7.2%)/24승', '0전(0/0/0)', 3, '거', '2023-04-13', '갈색', '한국', null, '에어포스블루', '발랄라', '하늬바람', 15, '고성남', '이신우', 14, '424승(11.7%)', 0, '-/-/-/-/-', 0, null, null, '260521-2R 주행심사 1000 비18%', null, '2026-05-20', '양호', '[{"date": "2026-04-12", "name": "정치", "count": 1}, {"date": "2025-09-27", "name": "좌전구절찰과상", "count": 3}]', null, 17, 184, 19, 12, null, null),
  ('260614-01', 3, '피엔에스승리', null, 57.0, 0.0, false, '김태현', null, '43승(5.0%)/2승', '0전(0/0/0)', 4, '거', '2022-04-02', '갈색', '한국', null, '천구', '라이징빅토리', '피엔에스커튼월', 13, '농업회사법인주(식35회조사)임피채엔덕에 스37팜승(3.1%)', null, null, null, 1, '-/-/-/-/-', 0, '1:19.3', '1:19.3', '260302서1R국6 1200별A비3%(0) 260205-2R 주행심사 1000 흐2% 260122-2R 주행심사 1000 맑4%', null, '2026-03-27', '양호', '[{"date": "2026-04-11", "name": "좌후지교돌상", "count": 2}, {"date": "2026-03-02", "name": "양후지 근육통", "count": 1}]', 15, 10, 130, 12, 1, 488, -1),
  ('260614-01', 4, '청강겨울', null, 55.0, 0.5, false, '김아현', null, '50승(4.1%)/6승', '1전(0/0/0)', 3, '암', '2023-02-05', '밤색', '한국', null, '지롤라모', '남행열차', '김관호', 2, '정경애', '성상현', 20, '13승(12.4%)', 1, '-/-/-/-/-', 0, '1:18.8', '1:18.8', '260315서1R국6 1200별A흐6%(0) 260129-2R 주행심사 1000 맑2%', null, '2026-06-05', '양호', '[{"date": "2026-05-16", "name": "정치", "count": 1}]', 13, 15, 229, 23, 0, 463, -14),
  ('260614-01', 5, '정문킹덤', null, 57.0, 0.0, false, '임다빈', null, '184승(8.1%)/24승', '0전(0/0/0)', 3, '수', '2023-04-28', '밤색', '한국', null, '킹삭스', '즐거운함성', '김재영b', 49, '정병철', '우창구', 5, '414승(10.1%)', 1, '-/-/-/-/-', 0, '1:21.7', '1:21.7', '260514-3R 주행심사 1000 맑4% 260404서1R국6 1200별A맑7%(0) 260129-1R 주행심사 1000 맑2% 260102-1R 주행심사 1000 맑13%', null, '2026-04-02', '양호', '[{"date": "2026-05-14", "name": "양각막염", "count": 1}, {"date": "2026-02-14", "name": "우전지 근육통", "count": 3}]', 10, 10, 132, 9, 4, 460, 14),
  ('260614-01', 6, '골드레인', null, 55.0, 0.0, false, '서승운', null, '946승(17.9%)/110승', '0전(0/0/0)', 3, '암', '2023-03-01', '갈색', '한국', null, 'KANTHAROS', '바이더파이어', '조근식', 14, '오공학', '안병기', 22, '517승(9.9%)', 2, '-/-/-/-/-', 0, '1:18.6', '1:18.9', '260425서1R국6 1200별A맑3%(0) 260314서1R국6암 1200별A맑7%(0)260129-4R 주행심사 1000 맑2% 250717-5R 주행심사 1000 흐불', null, null, null, '[{"date": "2026-05-31", "name": "진정(장제)", "count": 2}, {"date": "2026-05-24", "name": "좌전지파행", "count": 1}]', 7, 11, 143, 14, 0, 501, -2),
  ('260614-01', 7, '미스크리스티', null, 51.0, -4.0, false, '조성환', '-4', '6승(2.5%)/6승', '2전(0/0/0)', 3, '암', '2023-02-03', '갈색', '한국', null, '미스치비어슬리', '크리스티아누', '배은정', 16, '농업회사법인주식회사골(드10원조)', '정호익', null, '670승(10.1%)', 5, '-/-/-/1/1', 2700, '1:14.9', '1:17.6', '260509서2R국6 1200별A맑5%(0) 260412서1R국6 1200별A맑12%(0) 260319-3R 주행심사 1000 맑8% 260208서1R국6암 1200별A맑2%(0)', null, '2026-05-06', '양호', '[{"date": "2026-06-07", "name": "운동기인성 피로회복", "count": 1}, {"date": "2026-05-31", "name": "진정(장제)", "count": 1}, {"date": "2026-05-09", "name": "좌후지교돌상", "count": 2}]', 5, 8, 61, 8, 0, 436, 2),
  ('260614-01', 8, '금빛영웅', null, 55.0, -2.0, false, '우인철', '-2', '27승(8.2%)/27승', '0전(0/0/0)', 3, '거', '2023-04-12', '갈색', '한국', null, '콩코드포인트', '파이드어테어', '황은호', 75, '김기석', '이관호', 42, '413승(9.7%)', 2, '-/-/-/2/-', 3750, '1:16.1', '1:16.6', '260411서1R국6 1200별A흐15%(0) 260228서1R국6 1200별A맑3%(0) 260129-2R 주행심사 1000 맑2% 260115-2R 주행심사 1000 맑6%', null, '2026-04-09', '양호', '[{"date": "2026-06-06", "name": "운동기인성 피로회복", "count": 2}, {"date": "2026-06-03", "name": "좌후지교돌상", "count": 6}, {"date": "2026-05-15", "name": "우후지교돌상", "count": 2}]', 9, 13, 147, 18, 6, 489, 5),
  ('260614-01', 9, '그랜드커리지', null, 57.0, 0.0, false, '유승완', null, '584승(9.3%)/25승', '2전(0/0/0)', 3, '수', '2023-01-31', '밤색', '한국', null, '미스치비어슬리', '그랜드카라반', '강종우', 52, '강종우', '배휴준', 29, '345승(6.6%)', 3, '-/-/-/1/-', 1500, '1:18.6', '1:19.2', '260510서1R국6 1200별A맑5%(0) 260405서1R국6 1200별A맑6%(0) 260302서1R국6 1200별A비3%(0) 260102-1R 주행심사 1000 맑13%', null, '2026-06-10', '양호', '[{"date": "2026-05-10", "name": "좌후지교돌상", "count": 1}, {"date": "2026-05-07", "name": "운동기인성 피로회복", "count": 1}, {"date": "2026-03-04", "name": "진정(보정)", "count": 1}]', 5, 14, 169, 17, 13, 485, -4),
  ('260614-01', 10, '세이버스', null, 57.0, 0.0, false, '최범현', null, '957승(12.8%)/41승', '0전(0/0/0)', 3, '수', '2023-04-10', '회색', '한국', null, '한센', '천행질주', '김광두', 26, '정성빈', '정하백', 15, '13승(10.1%)', 0, '-/-/-/-/-', 0, null, null, '260430-2R 주행심사 1000 맑3% 260416-2R 주행심사 1000 맑8%', null, '2026-04-29', '양호', '[{"date": "2026-06-08", "name": "운동기인성 피로회복", "count": 1}, {"date": "2026-05-17", "name": "비정상 치아 마모", "count": 1}]', null, 15, 194, 26, 4, null, null),
  ('260614-01', 11, '에스파이어', null, 52.0, -3.0, false, '권중석', '-3', '19승(8.0%)/19승', '0전(0/0/0)', 3, '암', '2023-03-10', '갈색', '한국', null, '인디언킹', '나르자', '오종환', 62, '농업회사법인주식회사케(이37팜조)', '심승태', null, '230승(6.8%)', 2, '-/-/-/-/-', 0, '1:19.4', '1:20.2', '260524서1R국6 1200별A맑11%(0) 260425서1R국6 1200별A맑3%(0) 260402-1R 주행심사 1000 맑10% 260305-1R 주행심사 1000 맑11%', null, '2026-06-10', '출자불', '[{"date": "2026-05-31", "name": "피부병", "count": 4}, {"date": "2026-04-04", "name": "양각막염", "count": 2}]', 3, 10, 121, 13, 0, 462, -4),
  ('260614-02', 1, '일급비술', null, 55.0, 0.0, false, '김용근', null, '1,010승(15.1%)/42승', '0전(0/0/0)', 3, '암', '2023-04-20', '흑갈색', '한국', null, '컬러즈플라잉', '최고비슬', '(주)대홍에이스건업', 0, '이승철', '전승규', 25, '227승(12.7%)', 4, '-/-/1/-/1', 5400, '1:24.7', '1:24.7', '260516서3R국6 1300별A맑3%(0) 260430-2R 주행심사 1000 맑3% 250927서3R국6암 1200별A맑11%(0) 250830서4R국6암 1200별A맑불(0)', '{"다습": [0, 0, 1]}', '2026-05-14', '양호', '[{"date": "2026-05-17", "name": "양후지 근육통", "count": 2}, {"date": "2026-04-02", "name": "진정(보정)", "count": 1}, {"date": "2026-01-07", "name": "좌전지파행", "count": 5}]', 4, 14, 129, 18, 0, 480, -15),
  ('260614-02', 2, '다르리여왕', null, 55.0, 0.0, false, '조한별', null, '127승(4.4%)/18승', '2전(0/0/0)', 3, '암', '2023-03-09', '갈색', '한국', null, '투아너앤드서브', '블루엠파이어', '현태봉', 54, '현태봉', '이관호', 42, '413승(9.7%)', 2, '-/-/-/-/1', 1800, null, null, '260503서2R국6암 1400별A비10%(0) 260329서1R국6 1200별A맑3%(0) 260226-1R 주행심사 1000 맑3% 251204-2R 주행심사 1000 맑8%', null, '2026-06-10', '양호', '[{"date": "2026-04-30", "name": "운동기인성 피로회복", "count": 1}, {"date": "2026-02-28", "name": "좌후지교돌상", "count": 6}]', 6, 11, 116, 18, 0, 439, 4),
  ('260614-02', 3, '영원한솔레오', null, 55.0, 0.0, false, '오수철', null, '56승(4.5%)/5승', '2전(0/1/0)', 3, '암', '2023-03-30', '갈색', '한국', null, '위드디스팅션', '아켈레오', '조병해', 48, '태영영농조합법인', '이동국', 17, '13승(4.2%)', 4, '-/1/-/1/-', 12150, '1:25.1', '1:25.1', '260425서3R국6 1300별A맑3%(0) 260308서1R국6 1200별A맑14%(0) 260124서1R국6암 1200별A맑3%(0)251220서1R국6 1200별A흐16%(0)', '{"포화": [0, 1, 0]}', '2026-04-23', '양호', '[{"date": "2026-06-08", "name": "운동기인성 피로회복", "count": 1}, {"date": "2026-06-03", "name": "양후지 근육통", "count": 2}, {"date": "2026-05-31", "name": "좌후지교돌상", "count": 1}]', 7, 10, 141, 14, 0, 494, 3),
  ('260614-02', 4, '다이아비트', null, 57.0, 0.0, false, '장추열', null, '586승(11.6%)/69승', '0전(0/0/0)', 3, '수', '2023-02-25', '갈색', '한국', null, '크리솔라이트', '몬스터퀸', '김희정', 0, '김영도', '안병기', 22, '517승(9.9%)', 3, '-/-/1/-/-', 4200, '1:25.4', '1:25.4', '260509서1R국6 1700별A맑5%(0) 260328서3R국6 1400별A맑3%(0) 260111서2R국6 1300별A맑7%(0) 251218-3R 주행심사 1000 맑16%', '{"건조": [0, 0, 1]}', '2026-05-28', '양호', '[{"date": "2026-05-27", "name": "양후지 근육통", "count": 3}, {"date": "2026-05-11", "name": "좌후지교돌상", "count": 2}, {"date": "2026-04-02", "name": "좌후지파행", "count": 3}]', 5, 11, 134, 13, 0, 516, 5),
  ('260614-02', 5, '비케이준', null, 51.0, -4.0, false, '조성환', '-4', '6승(2.5%)/6승', '0전(0/0/0)', 3, '암', '2023-02-07', '갈색', '한국', null, '위드디스팅션', '레인스터레이디', '함승원', 4, '오공학', '조현수', 11, '72승(4.0%)', 8, '-/-/-/1/-', 1250, '1:26.7', '1:26.7', '260528-3R 주행심사 1000 흐12% 260516서1R국6 1400별A맑3%(0) 260418서3R국6 1400별A맑5%(0) 260404서2R국6 1300별A맑7%(0)', null, '2026-05-14', '양호', '[{"date": "2026-05-16", "name": "좌후지교돌상", "count": 1}, {"date": "2026-04-19", "name": "양후지 근육통", "count": 1}, {"date": "2026-04-18", "name": "양각막염", "count": 2}]', 4, 13, 126, 15, 0, 444, 5),
  ('260614-02', 6, '캡마왕', null, 57.0, 3.0, false, '김정준', null, '279승(6.7%)/27승', '1전(0/0/0)', 3, '수', '2023-02-20', '갈색', '한국', null, '제이피즈거스토', '캡틴걸', '하늬바람', 15, '양병선', '배휴준', 29, '345승(6.6%)', 6, '-/-/-/-/-', 0, '1:24.7', '1:25.2', '260604-3R 주행심사 1000 맑3% 260523서2R국6 1700별A흐13%(0) 260502서3R국6 1400별A흐3%(0) 260404서2R국6 1300별A맑7%(0)', null, '2026-05-20', '양호', '[{"date": "2026-06-04", "name": "좌후지교돌상", "count": 2}, {"date": "2026-05-21", "name": "운동기인성 피로회복", "count": 2}, {"date": "2026-03-07", "name": "우후지교돌상", "count": 3}]', 3, 14, 163, 12, 0, 472, 4),
  ('260614-02', 7, '내게로와줘', null, 55.0, 0.0, false, '우인철', '-2', '27승(8.2%)/27승', '1전(0/0/0)', 4, '거', '2022-04-05', '흑갈색', '한국', null, '파워블레이드', '리워드하이', '우태율', 135, '한라농축영농조합법인', '최용건', 51, '169승(10.7%)', 17, '-/-/1/4/2', 12600, '1:21.7', '1:24.0', '260517서2R국6 1400별A맑3%(0) 260419서3R국6 1400별A맑4%(0) 260404서3R국6 1400별A맑7%(0) 260319-1R 주행심사 1000 맑8%', '{"다습": [0, 0, 1]}', '2026-05-13', '양호', '[{"date": "2026-05-17", "name": "좌전지 부종", "count": 1}, {"date": "2026-04-29", "name": "피부병", "count": 3}, {"date": "2026-04-20", "name": "좌중수부 찰과상", "count": 1}]', 4, 14, 162, 10, 0, 464, 3),
  ('260614-02', 8, '메가윈드', null, 57.0, 0.0, false, '푸르칸', null, '60승(7.2%)/24승', '1전(0/0/0)', 3, '수', '2023-05-08', '갈색', '한국', null, '섀클포드', '금포엔젤', '하늬바람', 15, '김근영', '이신우', 14, '424승(11.7%)', 4, '-/-/-/1/2', 3900, '1:24.0', '1:24.5', '260524서3R국6 1400별A맑11%(0) 260502서2R국6 1300별A흐3%(0) 260419서2R국6 1300별A맑4%(0) 260321서1R국6 1300별A맑6%(0)', null, '2026-04-29', '양호', '[{"date": "2026-05-24", "name": "양각막염", "count": 1}, {"date": "2026-05-02", "name": "좌후지교돌상", "count": 2}, {"date": "2026-02-03", "name": "우전지파행", "count": 4}]', 3, 8, 90, 11, 0, 491, 1),
  ('260614-02', 9, '이클립스서니', null, 55.0, 0.0, false, '마이아', null, '88승(16.2%)/48승', '0전(0/0/0)', 3, '암', '2023-04-04', '밤색', '한국', null, '섀클포드', '선업', '조한수', 31, '유상호', '서홍수', 24, '380승(10.4%)', 2, '-/-/1/-/-', 6300, '1:24.5', '1:24.5', '260528-4R 주행심사 1000 흐12% 260411서3R국6 1300별A흐14%(0) 260314서1R국6암 1200별A맑7%(0)260122-1R 주행심사 1000 맑4%', '{"양호": [0, 0, 1]}', '2026-05-27', '양호', '[{"date": "2026-05-28", "name": "마체검사", "count": 1}, {"date": "2026-04-16", "name": "좌후 구절 열창", "count": 6}, {"date": "2026-03-03", "name": "구내염", "count": 1}]', 9, 14, 159, 21, 0, 476, -2),
  ('260614-02', 10, '뜻대로', null, 57.0, 0.0, false, '루이스', null, '21승(9.9%)/21승', '0전(0/0/0)', 3, '수', '2023-03-06', '갈색', '한국', null, '컬러즈플라잉', '다림이', '강균호', 69, '고정아', '서인석', 33, '640승(9.6%)', 2, '-/-/-/-/-', 0, null, null, '260418서1R국6 1200별A맑5%(0) 260228서1R국6 1200별A맑3%(0) 260102-1R 주행심사 1000 맑13%', null, '2026-04-16', '양호', '[{"date": "2026-02-12", "name": "구내염", "count": 1}, {"date": "2026-02-11", "name": "정치", "count": 1}]', 8, 9, 101, 6, 0, 443, -5),
  ('260614-02', 11, '케이퀸', null, 55.0, 0.0, false, '이혁', null, '588승(10.1%)/35승', '3전(0/0/0)', 3, '암', '2023-04-16', '갈색', '한국', null, '섀클포드', '케이어센딩', '최홍일', 43, '문창완', '서범석', 12, '504승(8.7%)', 4, '-/-/-/1/-', 1500, null, null, '260516서1R국6 1400별A맑3%(0) 260418서1R국6 1200별A맑5%(0) 260321서2R국6 1200별A맑5%(0) 260226-4R 주행심사 1000 맑3%', null, '2026-05-13', '양호', '[{"date": "2026-03-23", "name": "구내염", "count": 1}, {"date": "2026-03-22", "name": "정치", "count": 1}, {"date": "2026-02-02", "name": "우중수부찰과상", "count": 7}]', 4, 8, 85, 13, 0, 462, -1),
  ('260614-03', 1, '플라잉스마트', null, 55.0, 0.0, false, '코지', null, '62승(11.6%)/32승', '3전(0/1/1)', 3, '암', '2023-04-15', '흑갈색', '한국', null, '올드패션드', '스마트사이트', '김형순', 40, '이광림', '토니', 30, '129승(10.0%)', 3, '-/1/1/1/-', 16350, '1:31.6', '1:31.6', '260531서2R국6 1200별A맑7%(0) 260405서3R국6암 1400별A맑6%(0)260301서1R국6암 1300별A맑3%(0)260115-1R 주행심사 1000 맑6%', '{"건조": [0, 1, 0], "양호": [0, 0, 1]}', '2026-05-22', '양호', '[{"date": "2026-05-29", "name": "운동기인성 피로회복", "count": 1}, {"date": "2026-05-09", "name": "진정(장제)", "count": 2}, {"date": "2026-05-06", "name": "우전지파행", "count": 7}]', 2, 15, 157, 24, 0, 457, 19),
  ('260614-03', 2, '그레이팬텀', null, 52.0, 0.0, false, '권중석', '-3', '19승(8.0%)/19승', '5전(0/0/0)', 4, '암', '2022-04-18', '흑갈색', '한국', null, '한센', '상류', '김길중', 151, '강홍수', '이동국', 17, '13승(4.2%)', 18, '-/1/-/4/5', 18600, '1:28.4', '1:30.5', '260524서3R국6 1400별A맑11%(0) 260419서3R국6 1400별A맑4%(0) 260405서3R국6암 1400별A맑6%(0)260308서3R국6암 1400별A맑13%(0)', '{"양호": [0, 1, 0]}', '2026-05-22', '양호', '[{"date": "2026-06-03", "name": "좌후지교돌상", "count": 2}, {"date": "2026-05-27", "name": "양각막염", "count": 3}, {"date": "2026-05-14", "name": "양후지 근육통", "count": 3}]', 3, 8, 117, 10, 0, 442, 4),
  ('260614-03', 3, '클레어프리덤', null, 55.0, 0.0, false, '장추열', null, '586승(11.6%)/69승', '0전(0/0/0)', 3, '암', '2023-05-15', '흑갈색', '한국', null, '프리덤차일드', '스마트파크', '박민지', 29, '이상영', '문병기', 21, '173승(13.6%)', 4, '-/1/-/-/-', 6600, '1:29.2', '1:29.2', '260524서3R국6 1400별A맑11%(0) 260509서4R국6 1300별A맑5%(0) 260404서1R국6 1200별A맑7%(0) 260228서1R국6 1200별A맑3%(0)', '{"다습": [0, 1, 0]}', '2026-05-22', '양호', '[{"date": "2026-05-26", "name": "우전구절찰과상", "count": 2}, {"date": "2026-04-08", "name": "정치", "count": 1}]', 3, 14, 159, 6, 0, 444, -7),
  ('260614-03', 4, '로드투스피어', null, 55.0, 0.0, false, '김태현', null, '43승(5.0%)/2승', '3전(0/0/1)', 4, '암', '2022-04-21', '갈색', '한국', null, '퍼지', '매직로드', '강현찬', 3, '최민석', '임채덕', 35, '37승(3.1%)', 13, '-/-/1/-/4', 9600, '1:29.7', '1:30.8', '260524서3R국6 1400별A맑11%(0) 260425서4R국6 1700별A맑3%(0) 260405서3R국6암 1400별A맑6%(0)260308서3R국6암 1400별A맑13%(0)', '{"다습": [0, 0, 1]}', '2026-05-22', '양호', '[{"date": "2026-06-01", "name": "양후지 근육통", "count": 2}, {"date": "2026-05-25", "name": "양각막염", "count": 1}, {"date": "2026-01-26", "name": "양후지교돌상", "count": 2}]', 3, 9, 106, 10, 0, 435, 1),
  ('260614-03', 5, '델타대천', null, 55.0, 0.0, false, '이용호', null, '124승(6.9%)/15승', '2전(0/1/1)', 3, '암', '2023-01-27', '회색', '한국', null, '카우보이칼', '실버햄튼', '강균호', 69, '김경민', '함완식', 28, '52승(8.4%)', 5, '-/1/1/-/2', 13800, null, null, '260509서4R국6 1300별A맑5%(0) 260405서2R국6 1300별A맑6%(0) 260125서1R국6 1200별A맑3%(0) 251214서1R국6 1200별A맑불(0)', '{"건조": [0, 1, 0], "양호": [0, 0, 1]}', '2026-05-07', '출자불', '[{"date": "2026-04-29", "name": "양후지 근육통", "count": 1}, {"date": "2026-04-06", "name": "양각막염", "count": 2}]', 5, 8, 100, 10, 0, 429, 7),
  ('260614-03', 6, '블랙선', null, 55.0, 0.0, false, '임다빈', null, '184승(8.1%)/24승', '2전(0/0/0)', 3, '암', '2023-02-14', '갈색', '한국', null, '어플릿익스프레스', '핫걸', '정우종합건설(주)', 0, '(주)위너스팜', '정호익', 10, '670승(10.1%)', 10, '-/1/1/2/3', 24150, '1:30.2', '1:31.4', '260523서2R국6 1700별A흐13%(0) 260425서4R국6 1700별A맑3%(0) 260405서3R국6암 1400별A맑6%(0)260308서3R국6암 1400별A맑13%(0)', '{"양호": [0, 1, 0], "다습": [0, 0, 1]}', '2026-06-10', '양호', '[{"date": "2026-06-07", "name": "운동기인성 피로회복", "count": 3}, {"date": "2026-05-23", "name": "우후지교돌상", "count": 1}, {"date": "2026-05-13", "name": "좌후지교돌상", "count": 3}]', 3, 12, 126, 14, 0, 480, 2),
  ('260614-03', 7, '비바치시모', null, 55.0, 0.0, false, '정우주', null, '115승(5.3%)/21승', '0전(0/0/0)', 3, '암', '2023-04-22', '갈색', '한국', null, '인디밴드', '어치브', '강현철', 27, '강원석', '안병기', 22, '517승(9.9%)', 6, '-/-/-/1/-', 1500, '1:31.0', '1:31.1', '260516서3R국6 1300별A맑3%(0) 260412서2R국6 1400별A맑12%(0) 260314서3R국6 1700별A맑7%(0) 260214서4R국6 1400별A맑3%(0)', null, '2026-05-13', '진입불', '[{"date": "2026-06-03", "name": "우후지교돌상", "count": 3}, {"date": "2026-03-26", "name": "마비성근색소뇨증", "count": 1}, {"date": "2026-03-14", "name": "좌후지교돌상", "count": 5}]', 4, 8, 94, 10, 0, 457, -4),
  ('260614-03', 8, '믿음의질주', null, 55.0, 0.0, false, '유승완', null, '584승(9.3%)/25승', '2전(0/0/0)', 3, '암', '2023-03-30', '흑갈색', '한국', null, '오버애널라이즈', '믿음의빛', '강종우', 52, '강종우', '배휴준', 29, '345승(6.6%)', 2, '-/-/-/-/-', 0, null, null, '260516서2R국6 1200별A맑3%(0) 260502서1R국6 1200별A흐3%(0) 260402-1R 주행심사 1000 맑10% 260326-2R 주행심사 1000 맑3%', null, '2026-04-30', '양호', '[{"date": "2026-05-16", "name": "좌후지교돌상", "count": 2}, {"date": "2026-05-14", "name": "운동기인성 피로회복", "count": 2}, {"date": "2026-01-24", "name": "양후지 부종", "count": 1}]', 4, 9, 108, 9, 11, 445, 7),
  ('260614-03', 9, '에클레어윈드', null, 55.0, 0.0, false, '송재철', null, '418승(8.5%)/41승', '2전(0/0/0)', 3, '암', '2023-03-24', '흑갈색', '한국', null, '위드디스팅션', '에클레어드림', '(주)엑스포라인', 0, '토마스 리', '전승규', 25, '227승(12.7%)', 3, '-/-/-/1/2', 4500, null, null, '260502서2R국6 1300별A흐3%(0) 260404서1R국6 1200별A맑7%(0) 260314서1R국6암 1200별A맑7%(0)260212-1R 주행심사 1000 맑2%', null, '2026-04-30', '양호', '[{"date": "2026-05-13", "name": "좌전제저타박상", "count": 9}, {"date": "2026-05-03", "name": "양후지 근육통", "count": 4}, {"date": "2026-02-12", "name": "양각막염", "count": 1}]', 6, 11, 110, 13, 0, 463, 2),
  ('260614-03', 10, '골든워리어', null, 55.0, 0.0, false, '정정희', null, '223승(7.4%)/50승', '0전(0/0/0)', 3, '암', '2023-04-04', '갈색', '한국', null, '지롤라모', '모란동백', '홍상기', 38, '정이남', '서인석', 33, '640승(9.6%)', 6, '-/-/1/-/1', 5400, '1:31.7', '1:31.7', '260517서1R국6 1300별A맑3%(0) 260418서2R국6 1300별A맑5%(0) 260314서2R국6 1300별A맑7%(0) 260207서2R국6 1400별A맑2%(0)', '{"건조": [0, 0, 1]}', '2026-05-15', '양호', '[{"date": "2026-01-28", "name": "양후지 근육통", "count": 1}, {"date": "2025-10-20", "name": "구내염", "count": 1}, {"date": "2025-10-19", "name": "정치", "count": 1}]', 4, 10, 120, 18, 0, 451, 6),
  ('260614-03', 11, '영원한루체아', null, 55.0, 0.0, false, '오수철', null, '56승(4.5%)/5승', '1전(0/0/0)', 3, '암', '2023-03-18', '갈색', '한국', null, '크리솔라이트', '스테이트비지트', '조병해', 48, '강원석', '이동국', 17, '13승(4.2%)', 2, '-/-/-/-/-', 0, null, null, '260425서1R국6 1200별A맑3%(0) 260326-2R 주행심사 1000 맑3% 260124서1R국6암 1200별A맑3%(0)251121-3R 주행심사 1000 맑3%', null, '2026-04-23', '진입불', '[{"date": "2026-06-03", "name": "좌후지교돌상", "count": 2}, {"date": "2026-05-20", "name": "산통", "count": 2}, {"date": "2026-05-17", "name": "양후지 근육통", "count": 3}]', 7, 9, 107, 15, 0, 481, 12),
  ('260614-04', 1, '주링스카이', null, 53.5, 1.0, false, '서승운', null, '946승(17.9%)/110승', '0전(0/0/0)', 5, '암', '2021-03-28', '흑갈색', '한국', 30, '파워블레이드', '주링허우', '최임규', 41, '조천근', '김동균', 52, '395승(9.3%)', 30, '2/-/4/6/1', 78900, '1:16.7', '1:18.4', '260530서4R국5 1200핸맑7%(30) 260517서3R국5암 1400핸맑3%(29) 260503서4R국5 1300핸비10%(31) 260328서5R국5 1300핸맑3%(30)', '{"건조": [0, 0, 2], "양호": [0, 0, 1], "다습": [1, 0, 1], "불량": [1, 0, 0]}', '2026-03-26', '양호', '[{"date": "2026-05-18", "name": "양각막염", "count": 2}, {"date": "2026-03-29", "name": "우전지파행", "count": 3}, {"date": "2026-02-08", "name": "진정(보정)", "count": 1}]', 2, 14, 140, 12, 0, 476, -2),
  ('260614-04', 2, '행복여전사', null, 52.5, 0.0, true, '정정희', null, '223승(7.4%)/50승', '1전(0/0/0)', 5, '암', '2021-04-22', '흑갈색', '한국', 23, '센트럴커맨드', '어맨더', '허도행', 11, '이병일', '홍윤화', 13, '14승(10.5%)', 21, '1/1/-/3/1', 34200, '1:14.6', '1:16.9', '260524서5R국5 1200핸맑11%(32) 260507-1R 주행심사 1000 맑7% 251115서8R국5 1300핸맑3%(31) 251019서4R국5 1300핸맑17%(32)', '{"건조": [0, 1, 0], "포화": [1, 0, 0]}', '2026-05-22', '양호', '[{"date": "2026-05-27", "name": "좌후지 근육통", "count": 3}, {"date": "2026-05-09", "name": "운동기인성 피로회복", "count": 1}, {"date": "2026-04-11", "name": "마체검사", "count": 1}]', 3, 12, 141, 13, 0, 440, 2),
  ('260614-04', 3, '글로리삭스', null, 57.0, 0.5, false, '조상범', null, '113승(3.7%)/12승', '2전(0/0/0)', 4, '거', '2022-03-11', '밤색', '미국', 33, 'WILL TAKE CHARGE', 'QUADRILLE', '김창식', 251, '외국', '성상현', 20, '13승(12.4%)', 11, '-/-/-/-/-', 0, '1:15.9', '1:16.9', '260524서5R국5 1200핸맑11%(32) 260510서4R국5 1300핸맑5%(30) 260418서7R혼4 1200핸맑5%(46) 260402-3R 주행심사 1000 맑10%', null, '2026-05-22', '양호', '[{"date": "2026-03-19", "name": "좌전내측 제구부 찰", "count": 2}, {"date": "2026-03-17", "name": "좌전외측 제구부 찰", "count": 2}]', 3, 11, 141, 15, 0, 524, 5),
  ('260614-04', 4, '학산태풍', null, 53.0, -1.5, false, '이동하', null, '313승(10.9%)/64승', '2전(1/0/0)', 4, '암', '2022-03-03', '회색', '한국', 29, '사우스비치', '회오리바람', '황봉기', 32, '(주)씨엔에이', '박병일', 27, '246승(9.1%)', 5, '1/1/-/-/-', 23100, '1:15.2', '1:16.5', '260517서4R국5 1200핸맑3%(30) 260411서1R국6 1200별A흐15%(0) 260103서2R국6 1200별A맑13%(0) 251129서2R국6 1200별A맑10%(0)', '{"건조": [0, 1, 0], "포화": [1, 0, 0]}', '2026-05-15', '양호', '[{"date": "2026-06-03", "name": "좌후지교돌상", "count": 1}, {"date": "2026-05-17", "name": "양각막염", "count": 1}, {"date": "2026-05-15", "name": "운동기인성 피로회복", "count": 1}]', 4, 12, 142, 21, 11, 499, -1),
  ('260614-04', 5, '하이퍼엑스', null, 54.0, -2.5, false, '권중석', '-3', '19승(8.0%)/19승', '0전(0/0/0)', 4, '거', '2022-02-21', '흑갈색', '미국', 33, 'EXAGGERATOR', 'LOOK WHO''S TALKING', '오종환', 62, '외국', '심승태', 37, '230승(6.8%)', 12, '-/-/-/-/-', 0, '1:16.0', '1:16.6', '260503서3R국5 1400핸비10%(32) 260423-3R 주행심사 1000 맑3% 260321서9R혼4 1700핸맑5%(41) 260205-2R 주행심사 1000 흐2%', null, '2026-05-01', '양호', '[{"date": "2026-05-07", "name": "마체검사", "count": 1}, {"date": "2026-05-05", "name": "우전지파행", "count": 2}, {"date": "2026-05-01", "name": "운동기인성 피로회복", "count": 1}]', 6, 11, 126, 18, 6, 495, -7),
  ('260614-04', 6, '유쾌한승자', null, 52.5, -2.0, false, '김용근', null, '1,010승(15.1%)/42승', '0전(0/0/0)', 3, '암', '2023-01-18', '밤색', '한국', 28, '레이스데이', '걸즈라이크', '김영선', 10, '이용대', '토니', 30, '129승(10.0%)', 4, '1/-/-/3/-', 23250, '1:14.7', '1:15.6', '260528-4R 주행심사 1000 흐12% 260118서1R국6 1200별A흐5%(0) 251213서1R국6암 1200별A비16%(0) 251108서1R국6암 1200별A흐3%(0)', '{"건조": [1, 0, 0]}', null, null, '[{"date": "2026-05-28", "name": "우각막찰과상", "count": 1}, {"date": "2026-05-27", "name": "운동기인성 피로회복", "count": 2}, {"date": "2026-05-23", "name": "양후지 근육통", "count": 3}]', 21, 17, 176, 29, 0, 414, -4),
  ('260614-04', 7, '피엔에스주', null, 51.0, -1.5, false, '김태희', null, '95승(6.9%)/17승', '3전(0/0/0)', 5, '암', '2021-02-26', '밤색', '한국', 24, '파워블레이드', '주얼리파티', '피엔에스홈즈', 6, '전영환', '박윤규', 4, '403승(7.6%)', 29, '-/1/2/-/3', 20400, '1:16.2', '1:18.1', '260531서5R국5 1300핸맑6%(33) 260516서4R국5 1400핸맑3%(29) 260502서4R국5암 1400핸흐3%(27) 260416-1R 주행심사 1000 맑8%', '{"건조": [0, 1, 0], "다습": [0, 0, 1], "불량": [0, 0, 1]}', '2026-05-29', '양호', '[{"date": "2026-04-30", "name": "운동기인성 피로회복", "count": 1}, {"date": "2025-12-28", "name": "양후 구절부 찰과상", "count": 2}, {"date": "2025-12-17", "name": "우후 구절부 찰과상", "count": 3}]', 2, 14, 161, 16, 4, 458, -1),
  ('260614-04', 8, '라온킹스맨', null, 54.5, -2.5, false, '조재로', null, '282승(9.8%)/66승', '2전(1/0/0)', 3, '수', '2023-05-11', '갈색', '한국', 28, '머스킷맨', '택서블', '손천수', 65, '손천수', '박종곤', 1, '653승(11.4%)', 6, '1/-/-/-/3', 20100, '1:16.2', '1:16.9', '260509서4R국6 1300별A맑5%(0) 260411서3R국6 1300별A흐14%(0) 260201서1R국6 1200별A맑2%(0) 251228서2R국6 1300별A흐12%(0)', '{"건조": [1, 0, 0]}', '2026-05-07', '양호', '[{"date": "2026-05-31", "name": "양후지 근육통", "count": 3}, {"date": "2026-05-28", "name": "마비성근색소뇨증", "count": 2}, {"date": "2026-05-10", "name": "좌각막염", "count": 1}]', 5, 12, 154, 17, 0, 462, -2),
  ('260614-04', 9, '이끌림', null, 54.5, -1.5, false, '이혁', null, '588승(10.1%)/35승', '2전(0/1/1)', 3, '거', '2023-04-19', '갈색', '한국', 28, '위드디스팅션', '정상파티', '손병철', 50, '배은정', '정호익', 10, '670승(10.1%)', 6, '-/2/1/-/1', 20700, '1:14.8', '1:15.3', '260517서4R국5 1200핸맑3%(30) 260419서1R국6 1200별A맑4%(0) 260307서2R국6 1300별A맑17%(0) 260124서2R국6 1200별A맑3%(0)', '{"건조": [0, 2, 1]}', null, null, '[{"date": "2026-06-07", "name": "운동기인성 피로회복", "count": 3}, {"date": "2026-05-17", "name": "좌후지교돌상", "count": 1}, {"date": "2026-05-06", "name": "운동기인성 피로회복", "count": 1}]', 4, 7, 90, 4, 0, 488, 9),
  ('260614-04', 10, '엑설런트한센', null, 52.5, 0.0, true, '푸르칸', null, '60승(7.2%)/24승', '2전(0/0/0)', 4, '암', '2022-03-19', '갈색', '한국', 25, '파워블레이드', '스터닝한센', '박정배', 47, '박정배', '김동균', 52, '395승(9.3%)', 16, '-/1/4/3/-', 33600, '1:14.8', '1:16.2', '260502서5R국5 1200핸흐3%(29) 260404서5R국5 1200핸맑7%(31) 260214서6R국5 1200핸맑3%(30) 260124서7R국5 1200핸맑3%(29)', '{"건조": [0, 1, 2], "다습": [0, 0, 2]}', '2026-04-02', '양호', '[{"date": "2026-05-03", "name": "양전지 부종", "count": 1}, {"date": "2026-04-15", "name": "좌중수부 열창", "count": 8}, {"date": "2026-02-15", "name": "양각막염", "count": 1}]', 6, 9, 88, 8, 0, 443, 6),
  ('260614-04', 11, '스페셜포스', null, 52.5, 0.0, true, '조한별', null, '127승(4.4%)/18승', '1전(0/0/0)', 5, '암', '2021-02-06', '밤색', '한국', 23, '언캡처드', '스페셜찬스', '이상진', 9, '최장석', '임채덕', 35, '37승(3.1%)', 22, '1/2/-/1/2', 54250, '1:14.4', '1:16.3', '260523서3R국5 1200핸맑13%(30) 260201서4R국5 1400핸맑2%(28) 251228서4R국5 1200핸맑12%(30) 251206서6R국5 1200핸흐9%(31)', '{"양호": [0, 1, 0], "다습": [1, 0, 0], "포화": [0, 1, 0]}', '2026-05-21', '양호', '[{"date": "2026-06-01", "name": "양후지 근육통", "count": 3}, {"date": "2026-05-25", "name": "우완관절염", "count": 2}, {"date": "2026-05-23", "name": "우각막염", "count": 1}]', 3, 7, 81, 6, 0, 467, -12),
  ('260614-05', 1, '터보삭스', null, 51.0, -4.0, false, '권중석', '-3', '19승(8.0%)/19승', '0전(0/0/0)', 5, '암', '2021-03-01', '갈색', '미국', 30, 'MO TOWN', 'SHE''S OUR ANGEL', '김창식', 251, '외국', '이관호', 42, '413승(9.7%)', 22, '-/-/1/2/2', 16200, '1:21.0', '1:22.4', '260517서4R국5 1200핸맑3%(30) 260411서5R국5 1200핸흐14%(30) 260321서7R국4 1200핸맑5%(47) 251213서4R국5 1300핸비불(28)', '{"건조": [0, 0, 1]}', '2026-05-15', '출자불', '[{"date": "2026-05-06", "name": "운동기인성 피로회복", "count": 1}, {"date": "2026-04-11", "name": "좌후지교돌상", "count": 5}, {"date": "2026-01-21", "name": "좌중간완골골편골절", "count": 4}]', 4, 6, 73, 3, 0, 441, -5),
  ('260614-05', 2, '라온더토니', null, 52.0, 1.0, false, '김성현', '-1', '36승(5.4%)/13승', '5전(0/1/3)', 3, '암', '2023-05-03', '갈색', '한국', 28, '머스킷맨', '토니위드앤아이', '손천수', 65, '손천수', '박종곤', 1, '653승(11.4%)', 5, '-/1/3/-/-', 23400, null, null, '260509서5R국5 1200핸맑5%(33) 260405서5R국5 1200핸맑6%(29) 260301서2R국6 1200별A맑3%(0) 260110서5R국6암 1200별A강8%(0)', '{"건조": [0, 1, 0], "양호": [0, 0, 2], "다습": [0, 0, 1]}', '2026-05-07', '양호', '[{"date": "2026-05-30", "name": "진정(장제)", "count": 1}, {"date": "2026-05-15", "name": "양후지 근육통", "count": 6}, {"date": "2026-04-29", "name": "식이성 식욕부진", "count": 1}]', 5, 10, 116, 15, 0, 465, 6),
  ('260614-05', 3, '이클립스엘리', null, 53.0, -1.0, false, '송재철', null, '418승(8.5%)/41승', '1전(0/0/1)', 3, '암', '2023-04-30', '갈색', '한국', 28, '섀클포드', '엘리사타운', '조한수', 31, '이용대', '이준철', 48, '178승(16.7%)', 2, '1/-/1/-/-', 31050, '1:23.4', '1:23.4', '260301서1R국6암 1300별A맑3%(0)260124서1R국6암 1200별A맑3%(0)251127-3R 주행심사 1000 비8%', '{"건조": [1, 0, 1]}', null, null, '[{"date": "2026-06-03", "name": "양후지 근육통", "count": 2}, {"date": "2026-05-30", "name": "우전지 근육통", "count": 1}, {"date": "2026-05-25", "name": "우전지파행", "count": 4}]', 15, 18, 220, 30, 7, 491, -3),
  ('260614-05', 4, '운주타임', null, 55.0, 1.0, false, '조재로', null, '282승(9.8%)/66승', '9전(1/2/1)', 4, '암', '2022-04-22', '갈색', '한국', 32, '카우보이칼', '임패션드댄서', '부수선', 4, '전영환', '김동균', 52, '395승(9.3%)', 11, '1/2/1/2/2', 44550, '1:21.1', '1:22.5', '260425서6R국5 1300핸맑3%(31) 260307서5R국5암 1300핸맑15%(29) 260201서3R국5 1300핸맑2%(29) 251227서3R국5 1200핸흐14%(32)', '{"건조": [1, 0, 1], "포화": [0, 1, 0], "불량": [0, 1, 0]}', null, null, '[{"date": "2026-04-27", "name": "좌전지파행", "count": 4}, {"date": "2026-03-09", "name": "우후계부찰과상", "count": 2}, {"date": "2026-02-08", "name": "정치", "count": 1}]', 7, 11, 131, 7, 0, 437, 1),
  ('260614-05', 5, '그레이고', null, 56.5, 5.5, false, '서승운', null, '946승(17.9%)/110승', '0전(0/0/0)', 3, '암', '2023-03-15', '회색', '미국', 35, '닉스고', 'KENDALIN', '(주)디알엠씨티', 123, '외국', '박재우', 50, '583승(12.3%)', 6, '-/-/-/1/-', 3000, '1:22.2', '1:22.6', '260425서9R혼4암 1300핸맑3%(44) 260307서8R혼4 1200핸맑15%(38) 260125서6R혼4 1300핸맑3%(40) 251228서7R혼4 1300핸맑12%(38)', null, null, null, '[{"date": "2026-05-31", "name": "정치", "count": 1}, {"date": "2026-04-26", "name": "우각막염", "count": 2}, {"date": "2026-04-15", "name": "우전지 근육통", "count": 3}]', 7, 6, 58, 6, 0, 432, 10),
  ('260614-05', 6, '파라이바', null, 52.5, 0.0, true, '이혁', null, '588승(10.1%)/35승', '1전(0/0/0)', 3, '암', '2023-04-06', '갈색', '한국', 26, '섀클포드', '플래시플라트', '배은정', 16, '배은정', '정호익', 10, '670승(10.1%)', 7, '-/1/2/1/2', 22200, '1:22.5', '1:23.4', '260509서6R국5암 1300핸맑5%(28) 260404서2R국6 1300별A맑7%(0) 260301서3R국6 1400별A맑3%(0) 260201서2R국6 1300별A맑2%(0)', '{"양호": [0, 1, 0], "다습": [0, 0, 2]}', '2026-06-10', '양호', '[{"date": "2026-06-07", "name": "운동기인성 피로회복", "count": 1}, {"date": "2026-05-31", "name": "진정(장제)", "count": 1}, {"date": "2026-05-09", "name": "좌후지교돌상", "count": 1}]', 5, 7, 69, 5, 0, 444, -1),
  ('260614-05', 7, '청해스타', null, 54.0, 1.5, false, '이용호', null, '124승(6.9%)/15승', '2전(0/0/0)', 4, '암', '2022-04-01', '밤색', '한국', 30, '도르트문트', '특별스타', '유수현', 10, '정이남', '서인석', 33, '640승(9.6%)', 19, '1/1/2/2/4', 49500, '1:21.6', '1:23.7', '260509서6R국5암 1300핸맑5%(28) 260322서5R국5 1300핸맑5%(32) 260215서5R국5 1300핸맑3%(30) 260111서3R국5 1400핸맑7%(29)', '{"건조": [1, 1, 2]}', '2026-03-20', '양호', '[{"date": "2026-06-03", "name": "마비성근색소뇨증", "count": 1}, {"date": "2026-05-10", "name": "우후지교돌상", "count": 1}, {"date": "2025-07-14", "name": "좌후지교돌상", "count": 1}]', 5, 6, 66, 9, 0, 455, -5),
  ('260614-05', 8, '레인스타', null, 53.0, -0.5, false, '김정준', null, '279승(6.7%)/27승', '15전(1/1/0)', 5, '암', '2021-04-05', '갈색', '한국', 28, '티즈원더풀', '야후비올라', '김선식', 76, '김선식', '심승태', 37, '230승(6.8%)', 28, '2/1/-/2/6', 65050, '1:20.1', '1:22.8', '260509서6R국5암 1300핸맑5%(28) 260322서5R국5 1300핸맑5%(32) 260301서4R국5 1300핸맑3%(29) 260201서3R국5 1300핸맑2%(29)', '{"포화": [2, 1, 0]}', '2026-06-10', '양호', '[{"date": "2026-05-10", "name": "양전지 부종", "count": 1}, {"date": "2026-04-29", "name": "양후지 근육통", "count": 1}, {"date": "2026-03-26", "name": "우전구절염", "count": 2}]', 5, 8, 78, 6, 11, 490, 3),
  ('260614-05', 9, '트리고누스', null, 53.0, 0.0, false, '오수철', null, '56승(4.5%)/5승', '3전(1/0/1)', 3, '암', '2023-04-09', '갈색', '한국', 28, '트리플나인', '호스퀸', '희망홀스', 17, '정성빈', '서범석', 12, '504승(8.7%)', 3, '1/-/1/1/-', 25050, '1:23.3', '1:23.3', '260509서6R국5암 1300핸맑5%(28) 260329서1R국6 1200별A맑3%(0) 260228서1R국6 1200별A맑3%(0) 260129-2R 주행심사 1000 맑2%', '{"건조": [1, 0, 1]}', '2026-03-26', '양호', '[{"date": "2026-05-11", "name": "양각막염", "count": 3}, {"date": "2026-03-30", "name": "좌각막염", "count": 2}, {"date": "2025-12-21", "name": "정치", "count": 1}]', 5, 10, 117, 16, 0, 440, 3),
  ('260614-05', 10, '학산대세', null, 52.5, 0.0, true, '이동하', null, '313승(10.9%)/64승', '6전(0/0/0)', 5, '암', '2021-01-20', '흑갈색', '한국', 26, '사우스비치', '질풍대세', '황봉기', 32, '(주)씨엔에이', '홍대유', 6, '481승(8.7%)', 35, '1/2/2/2/9', 63500, '1:22.1', '1:23.5', '260502서4R국5암 1400핸흐3%(27) 260404서4R국5암 1400핸맑7%(31) 260315서3R국5암 1400핸흐6%(32) 260302서5R국5 1300핸비9%(29)', '{"건조": [0, 0, 1], "양호": [1, 0, 1], "포화": [0, 2, 0]}', null, null, '[{"date": "2026-05-17", "name": "우후 구절부 열창", "count": 4}, {"date": "2026-05-13", "name": "양후지 근육통", "count": 1}, {"date": "2026-05-04", "name": "우전지파행", "count": 2}]', 6, 9, 112, 15, 0, 457, 10),
  ('260614-05', 11, '럭키데이', null, 56.0, 4.0, false, '조상범', null, '113승(3.7%)/12승', '0전(0/0/0)', 4, '암', '2022-06-06', '밤색', '한국', 34, '레이스데이', '스페셜럭키', '페가수스', 9, '현대영', '토니', 30, '129승(10.0%)', 10, '2/-/1/1/3', 54600, '1:20.5', '1:22.1', '260528-3R 주행심사 1000 흐12% 250914서4R국5암 1400핸맑13%(31) 250824서5R국5암 1300핸맑4%(31) 250727서4R국5 1400핸맑3%(31)', '{"건조": [1, 0, 1], "다습": [1, 0, 0]}', null, null, '[{"date": "2026-06-02", "name": "양후지 근육통", "count": 5}, {"date": "2026-04-05", "name": "진정(장제)", "count": 1}]', 39, 17, 188, 23, 0, 425, 4),
  ('260614-06', 1, '천장사', null, 54.5, 2.0, false, '김철호', null, '280승(8.0%)/10승', '1전(1/0/0)', 5, '거', '2021-05-12', '갈색', '한국', 56, '오버애널라이즈', '마이패션', '퍼플라인', 39, '제주축산개발', '문병기', 21, '173승(13.6%)', 26, '5/1/2/3/5', 198750, '1:57.1', '1:58.4', '260516서7R혼3 1800핸맑3%(59) 260405서9R혼3 1800핸맑6%(58) 260308서9R혼3 1800핸맑12%(60) 260214서9R국3 1800핸맑3%(56)', '{"건조": [4, 1, 0], "양호": [1, 0, 0], "다습": [0, 0, 1], "포화": [0, 0, 1]}', '2026-05-14', '양호', '[{"date": "2026-06-07", "name": "운동기인성 피로회복", "count": 1}, {"date": "2026-03-22", "name": "정치", "count": 1}, {"date": "2025-11-23", "name": "좌후지교돌상", "count": 1}]', 4, 11, 108, 12, 0, 460, -1),
  ('260614-06', 2, '홀리데이참', null, 54.0, 0.0, false, '조상범', null, '113승(3.7%)/12승', '9전(1/0/2)', 8, '거', '2018-03-27', '밤색', '한국', 55, '애니기븐새터데이', '메긴즈홀리데이', '투애니포', 6, '김호종', '최봉주', 16, '270승(7.0%)', 57, '4/7/6/8/5', 290540, '1:53.7', '1:59.0', '260523서9R국3 1800핸맑13%(59) 260426서9R국3 1800핸맑3%(59) 260328서9R국3 1800핸맑3%(57) 260214서9R국3 1800핸맑3%(56)', '{"건조": [0, 2, 2], "양호": [2, 0, 0], "다습": [2, 3, 3], "포화": [0, 2, 1]}', null, null, '[{"date": "2026-04-27", "name": "좌전지 부종", "count": 1}, {"date": "2026-04-12", "name": "양후지 근육통", "count": 3}, {"date": "2026-03-30", "name": "좌중수부 찰과상", "count": 2}]', 3, 8, 84, 12, 0, 471, 1),
  ('260614-06', 3, '퍼지스텝', null, 52.5, 0.0, false, '유승완', null, '584승(9.3%)/25승', '4전(2/0/0)', 4, '암', '2022-04-12', '밤색', '한국', 56, '퍼지', '로열스텝', '홍승오', 10, '권주순', '안병기', 22, '517승(9.9%)', 10, '4/1/-/1/1', 121800, '2:00.8', '2:01.4', '260516서9R혼3 1800핸맑3%(60) 260322혼암 1800동아일 별A맑5%(92) 260111서7R혼4 1700핸맑6%(42) 251130서10R혼4 1700핸흐10%(38)', '{"건조": [1, 1, 0], "양호": [2, 0, 0], "다습": [1, 0, 0]}', '2026-05-13', '양호', '[{"date": "2026-05-23", "name": "피부병", "count": 1}, {"date": "2026-05-17", "name": "좌후지교돌상", "count": 2}, {"date": "2026-05-14", "name": "운동기인성 피로회복", "count": 1}]', 4, 7, 67, 12, 0, 466, 1),
  ('260614-06', 4, '서머파티', null, 53.0, 1.0, false, '푸르칸', null, '60승(7.2%)/24승', '0전(0/0/0)', 5, '암', '2021-03-13', '밤색', '한국', 57, '인디밴드', '어리틀포크', '정영식', 38, '이시돌협회', '이신우', 14, '424승(11.7%)', 33, '4/2/5/3/1', 184200, '1:56.8', '1:59.7', '260523서9R국3 1800핸맑13%(59) 260405서9R혼3 1800핸맑6%(58) 260315서9R국3 1800핸맑6%(55) 260302서7R혼4 1700핸비10%(43)', '{"건조": [0, 1, 1], "양호": [1, 1, 3], "다습": [2, 0, 1], "불량": [1, 0, 0]}', '2026-05-21', '양호', '[{"date": "2026-05-23", "name": "양각막염", "count": 1}, {"date": "2026-04-16", "name": "마비성근색소뇨증", "count": 1}, {"date": "2026-03-21", "name": "양후지 근육통", "count": 1}]', 3, 11, 119, 8, 0, 509, 10),
  ('260614-06', 5, '허쉬대보', null, 54.5, 2.0, false, '권중석', '-3', '19승(8.0%)/19승', '0전(0/0/0)', 10, '수', '2016-03-22', '갈색', '한국', 62, '테스타마타', '허쉬틸드', '박철근', 34, '(주)녹원목장', '전승규', 25, '227승(12.7%)', 34, '7/2/-/5/5', 320330, '1:54.2', '1:57.5', '260509서9R2등 1800핸맑5%(73) 260412서9R2등 1800핸맑11%(74) 260314서10R2등 1800핸흐7%(76) 260214서10R2등 1800핸맑3%(74)', '{"건조": [2, 1, 0], "양호": [1, 0, 0], "다습": [3, 0, 0], "포화": [1, 0, 0], "불량": [0, 1, 0]}', '2026-06-05', '양호', '[{"date": "2026-03-15", "name": "우중수부찰과상", "count": 2}, {"date": "2026-02-15", "name": "양후지 근육통", "count": 3}, {"date": "2026-02-15", "name": "정치", "count": 1}]', 5, 18, 228, 21, 0, 510, -3),
  ('260614-06', 6, '슈퍼블루문', null, 54.0, 1.0, false, '송재철', null, '418승(8.5%)/41승', '2전(0/0/1)', 5, '거', '2021-04-15', '갈색', '한국', 55, '인디언킹', '에모리퀸', '오종환', 62, '(주)코리아호스랜드', '심승태', 37, '230승(6.8%)', 22, '5/1/3/4/1', 186450, '1:57.7', '1:58.8', '260516서7R혼3 1800핸맑3%(59) 260426서9R국3 1800핸맑3%(59) 260321서10R혼3 1800핸맑5%(57) 260207서11R국3 1400핸맑2%(55)', '{"건조": [4, 0, 2], "양호": [1, 0, 0], "다습": [0, 1, 0], "포화": [0, 0, 1]}', null, null, '[{"date": "2026-06-07", "name": "운동기인성 피로회복", "count": 1}, {"date": "2026-06-04", "name": "양후지 근육통", "count": 2}, {"date": "2026-05-22", "name": "우전지 근육통", "count": 4}]', 4, 8, 79, 10, 0, 465, -4),
  ('260614-06', 7, '스톰브레이커', null, 56.5, 3.0, false, '빅투아르', null, '327승(11.1%)/49승', '2전(0/1/0)', 5, '수', '2021-03-17', '밤색', '한국', 60, '카우보이칼', '은하철마', '오종택', 70, '우림영농조합법인', '최용건', 51, '169승(10.7%)', 33, '4/4/2/3/4', 213550, '1:55.8', '1:58.6', '260531서9R혼3 1800핸맑6%(53) 260502서10R국3 1400핸흐3%(57) 260404서11R국3 1400핸맑6%(57) 260315서9R국3 1800핸맑6%(55)', '{"건조": [1, 2, 0], "양호": [1, 0, 1], "다습": [2, 2, 1]}', '2026-05-29', '양호', '[{"date": "2026-01-19", "name": "양후지 근육통", "count": 1}, {"date": "2025-11-06", "name": "정치", "count": 1}]', 2, 15, 167, 20, 0, 519, -1),
  ('260614-06', 8, '스플렌디드', null, 52.5, -1.0, false, '정우주', null, '115승(5.3%)/21승', '0전(0/0/0)', 4, '수', '2022-02-15', '회색', '한국', 52, '오버애널라이즈', '소천하', '홍상기', 38, '김상욱', '서인석', 33, '640승(9.6%)', 17, '4/-/3/2/2', 134100, '1:56.4', '1:58.4', '260502서9R혼3 1800핸흐3%(57) 260118서7R국3 1800핸흐5%(55) 251206서10R국3 1800핸흐9%(61) 251025서10R혼3 1800핸맑5%(59)', '{"건조": [2, 0, 2], "양호": [0, 0, 1], "포화": [2, 0, 0]}', '2026-04-30', '양호', '[{"date": "2026-05-03", "name": "우후지교돌상", "count": 2}, {"date": "2026-04-15", "name": "우비절부 좌상", "count": 5}]', 6, 11, 131, 13, 0, 495, -7),
  ('260614-06', 9, '더선파이터', null, 54.5, 0.5, false, '김정준', null, '279승(6.7%)/27승', '0전(0/0/0)', 5, '수', '2021-04-24', '갈색', '한국', 56, 'EXAGGERATOR', '스톰커밍', '한명로', 64, '박동훈', '강환민', 31, '224승(10.5%)', 35, '2/5/6/2/5', 179400, '1:58.3', '1:59.6', '260523서9R국3 1800핸맑13%(59) 260502서10R국3 1400핸흐3%(57) 260418서9R혼3 1800핸맑4%(58) 260315서9R국3 1800핸맑6%(55)', '{"건조": [1, 2, 3], "양호": [0, 2, 2], "포화": [1, 0, 1], "불량": [0, 1, 0]}', '2026-05-21', '양호', '[{"date": "2026-05-04", "name": "좌후지교돌상", "count": 3}, {"date": "2025-12-28", "name": "우후계부찰과상", "count": 2}, {"date": "2025-08-26", "name": "양전지파행", "count": 3}]', 3, 15, 157, 25, 0, 507, -5),
  ('260614-06', 10, '엠케이리', null, 56.0, 0.5, false, '루이스', null, '21승(9.9%)/21승', '3전(1/0/0)', 5, '수', '2021-03-13', '갈색', '한국', 59, '카우보이칼', '부활의숨결', '강만구', 7, '임성연', '박재우', 50, '583승(12.3%)', 26, '4/2/4/6/2', 191250, '1:56.3', '1:57.7', '260426서9R국3 1800핸맑3%(59) 260328서9R국3 1800핸맑3%(57) 260214서9R국3 1800핸맑3%(56) 260118서7R국3 1800핸흐5%(55)', '{"건조": [1, 1, 3], "양호": [1, 0, 1], "다습": [2, 0, 0], "불량": [0, 1, 0]}', '2026-04-24', '양호', '[{"date": "2026-05-22", "name": "양후지 근육통", "count": 1}, {"date": "2026-05-03", "name": "우중족부찰과상", "count": 5}, {"date": "2026-04-27", "name": "좌각막염", "count": 2}]', 7, 13, 147, 14, 0, 491, -3),
  ('260614-06', 11, '골든아너', null, 54.0, 1.5, false, '코지', null, '62승(11.6%)/32승', '0전(0/0/0)', 7, '수', '2019-03-31', '밤색', '한국', 55, '투아너앤드서브', '골든로즈', '디디에스코리아(주)', 1, '김선식', '전승규', 25, '227승(12.7%)', 31, '3/3/6/1/5', 199800, '1:54.6', '1:58.7', '260516서9R혼3 1800핸맑3%(60) 260418서9R혼3 1800핸맑4%(58) 260321서10R혼3 1800핸맑5%(57) 260312-3R 주행심사 1000 흐10%', '{"건조": [0, 1, 4], "양호": [1, 1, 1], "다습": [1, 1, 1], "포화": [1, 0, 0]}', '2026-05-14', '양호', '[{"date": "2026-05-19", "name": "좌전지 부종", "count": 3}, {"date": "2026-04-19", "name": "양후지 근육통", "count": 4}]', 4, 16, 172, 23, 0, 501, 1),
  ('260614-07', 1, '마터호른케이', null, 52.5, -1.5, true, '푸르칸', null, '60승(7.2%)/24승', '0전(0/0/0)', 4, '수', '2022-05-06', '흑갈색', '미국', 38, 'SHANCELOT', 'YO ALI', '강경운', 68, '외국', '최봉주', 16, '270승(7.0%)', 10, '-/1/-/3/-', 22200, '1:27.9', '1:28.1', '260502서7R혼4 1600핸흐3%(42) 260321서8R혼4 1300핸맑5%(41) 260208서7R혼4 1600핸맑2%(41) 251227서9R혼4 1700핸흐14%(43)', '{"건조": [0, 1, 0]}', '2026-06-05', '양호', '[{"date": "2026-05-04", "name": "양각막염", "count": 3}, {"date": "2026-04-16", "name": "진정(보정)", "count": 1}, {"date": "2026-02-11", "name": "우각막염", "count": 3}]', 6, 15, 223, 25, 0, 529, -11),
  ('260614-07', 2, '운주프린스', null, 52.5, 0.5, true, '김용근', null, '1,010승(15.1%)/42승', '4전(2/1/1)', 3, '수', '2023-03-28', '갈색', '한국', 37, '테스타마타', '팬시폴리', '부수선', 4, '이상영', '김동균', 52, '395승(9.3%)', 5, '2/1/1/-/-', 59550, '1:28.3', '1:28.3', '260411서6R국4 1200핸맑14%(37) 260301서4R국5 1300핸맑3%(29) 260104서2R국6 1400별A흐12%(0) 251130서1R국6 1300별A흐10%(0)', '{"건조": [1, 0, 0], "다습": [1, 1, 1]}', '2026-06-10', '출자불', '[{"date": "2026-05-13", "name": "정치", "count": 1}, {"date": "2026-02-05", "name": "양후지 부종", "count": 2}]', 9, 10, 99, 16, 0, 481, -3),
  ('260614-07', 3, '원다이아', null, 51.0, 0.0, false, '우인철', '-2', null, '0전(0/0/0)', 3, '수', '2023-03-20', '갈색', '미국', 36, 'INDEPENDENCE HALL', 'HEADSTRONG WOMAN', '김아라', 9, '외국', '강환민', 31, '224승(10.5%)', 6, '-/-/1/-/-', 8400, null, null, '260510서7R혼4 1700핸맑5%(41) 260321서8R혼4 1300핸맑5%(41) 260215서8R혼4 1200핸맑3%(40) 260104서9R혼4 1200핸맑12%(38)', '{"건조": [0, 0, 1]}', null, null, '[{"date": "2026-05-13", "name": "좌전지파행", "count": 3}, {"date": "2026-02-16", "name": "좌후지교돌상", "count": 2}]', 5, 13, 133, 22, 0, 465, 14),
  ('260614-07', 4, '위즈퍼펙트', null, 58.0, 0.5, false, '송재철', null, '418승(8.5%)/41승', '4전(1/1/0)', 3, '거', '2023-03-03', '갈색', '미국', 50, 'ROCK YOUR WORLD', 'LUCKY BUG', '최몽주', 108, '외국', '전승규', 25, '227승(12.7%)', 5, '1/1/1/-/-', 64950, null, null, '260516서6R혼4 1200핸맑3%(40) 260418서7R혼4 1200핸맑5%(46) 260315서8R혼4 1300핸맑6%(41) 260214서2R혼4 1200별A맑3%(39)', '{"건조": [1, 1, 0], "포화": [0, 0, 1]}', '2026-05-14', '양호', '[{"date": "2026-05-29", "name": "우전지 부종", "count": 2}, {"date": "2026-05-19", "name": "양후지 근육통", "count": 4}, {"date": "2026-05-01", "name": "피부병", "count": 5}]', 4, 14, 134, 19, 0, 467, 5),
  ('260614-07', 5, '자체발광', null, 53.0, -2.0, false, '조상범', null, '113승(3.7%)/12승', '3전(0/0/0)', 4, '거', '2022-05-22', '회색', '미국', 40, 'FROSTED', 'RUMBAUA', '우태율', 135, '외국', '최용건', 51, '169승(10.7%)', 22, '-/4/1/-/2', 66000, '1:28.8', '1:30.5', '260502서7R혼4 1600핸흐3%(42) 260411서10R혼4 1700핸맑13%(42)260326-3R 주행심사 1000 맑3% 260319-3R 주행심사 1000 맑8%', '{"건조": [0, 1, 0], "양호": [0, 1, 0], "다습": [0, 2, 1]}', '2026-05-01', '양호', '[{"date": "2026-03-05", "name": "정치", "count": 1}]', 6, 15, 229, 18, 1, 531, -1),
  ('260614-07', 6, '빌리언보이', null, 52.5, -2.5, false, '권중석', '-3', '19승(8.0%)/19승', '0전(0/0/0)', 4, '수', '2022-04-30', '갈색', '한국', 45, '페더럴리스트', '하늘공원', '김길중', 151, '김기종', '이동국', 17, '13승(4.2%)', 13, '3/2/1/-/1', 100650, '1:28.8', '1:30.0', '260425서8R혼4 1200핸맑3%(43) 260315서8R혼4 1300핸맑6%(41) 260111서9R혼4 1300핸맑6%(46) 251116서6R혼4 1300핸맑3%(41)', '{"건조": [1, 1, 1], "양호": [0, 1, 0], "포화": [1, 0, 0], "불량": [1, 0, 0]}', '2026-04-23', '양호', '[{"date": "2026-06-03", "name": "좌후지교돌상", "count": 2}, {"date": "2026-05-01", "name": "양후지 근육통", "count": 7}, {"date": "2026-03-16", "name": "좌전지 근육통", "count": 2}]', 7, 11, 144, 11, 0, 507, -11),
  ('260614-07', 7, '불의세계', null, 53.0, -2.0, false, '정우주', null, '115승(5.3%)/21승', '0전(0/0/0)', 4, '거', '2022-05-20', '흑갈색', '한국', 40, '프로스펙티브', '더월드', '이혜란', 32, '전영돈', '조현수', 11, '72승(4.0%)', 18, '3/1/1/-/3', 88200, '1:26.2', '1:29.4', '260530서8R혼4 1800핸맑7%(41) 260509서8R혼4 1400핸맑5%(41) 260418서8R혼4 1600핸맑4%(47) 260314서7R국4 1400핸맑7%(44)', '{"건조": [2, 0, 1], "포화": [1, 1, 0]}', '2026-05-28', '양호', '[{"date": "2026-05-30", "name": "우각막염", "count": 2}, {"date": "2026-04-18", "name": "양각막염", "count": 1}, {"date": "2026-03-15", "name": "좌전구절찰과상", "count": 2}]', 2, 14, 148, 19, 0, 448, 3),
  ('260614-07', 8, '새내파이터', null, 54.0, 0.0, false, '조성환', '-4', '6승(2.5%)/6승', '1전(0/0/0)', 3, '수', '2023-02-28', '흑갈색', '한국', 50, '콩코드포인트', '메니그랜드', '문금철', 28, '이승철', '홍대유', 6, '481승(8.7%)', 10, '3/-/1/-/2', 82050, '1:27.2', '1:28.4', '260509서8R혼4 1400핸맑5%(41) 260404서10R혼4 1400핸맑6%(43) 260302서6R국4 1400핸비10%(41) 260124서9R혼4 1400핸맑3%(43)', '{"건조": [1, 0, 0], "양호": [1, 0, 0], "다습": [1, 0, 0], "불량": [0, 0, 1]}', '2026-05-07', '출자불', '[{"date": "2026-06-03", "name": "우후지 근육통", "count": 2}, {"date": "2026-05-10", "name": "양전지 근육통", "count": 1}, {"date": "2026-04-29", "name": "양후지 근육통", "count": 2}]', 5, 9, 110, 14, 0, 460, 5),
  ('260614-07', 9, '벌교라바', null, 54.0, 0.0, false, '김태희', null, '95승(6.9%)/17승', '3전(0/0/1)', 4, '암', '2022-01-06', '갈색', '한국', 46, '레볼루셔너리', '라이언여제', '유성훈', 19, '김명식', '서홍수', 24, '380승(10.4%)', 17, '3/1/2/4/1', 110400, '1:28.0', '1:28.9', '260509서8R혼4 1400핸맑5%(41) 260405서7R혼4 1600핸맑6%(43) 260308서6R국4 1200핸맑13%(41) 260201서6R국4 1200핸맑2%(40)', '{"건조": [2, 0, 0], "양호": [0, 1, 2], "포화": [1, 0, 0]}', '2026-05-07', '양호', '[{"date": "2026-04-06", "name": "양후지 근육통", "count": 1}, {"date": "2026-04-05", "name": "양각막염", "count": 1}, {"date": "2026-03-13", "name": "우전지 부종", "count": 3}]', 5, 12, 148, 15, 0, 439, 10),
  ('260614-08', 1, '레지나빈치트', '부', 55.0, 0.0, false, '서승운', null, '946승(17.9%)/110승', '0전(0/0/0)', 3, '암', '2023-03-29', '밤색', '한국', 30, '컬러즈플라잉', '퍼스트인디언', '김종민', 14, '강춘기', '토마스', 8, '418승(12.9%)', 5, '1/1/-/-/-', 26400, null, null, '260510국암 1800오크스 별A맑3%(44) 260403부6R국5 1600핸맑7%(32) 260308부2R국6 1600별A맑5%(0) 260123부3R국6 1400별A맑2%(0)', '{"건조": [1, 0, 0], "양호": [0, 1, 0]}', '2026-05-09', '양호', '[{"date": "2026-06-08", "name": "운동기인성 피로회복", "count": 1}, {"date": "2026-05-29", "name": "좌각막찰과상", "count": 3}, {"date": "2026-05-21", "name": "정치", "count": 1}]', 5, 17, 179, 14, 0, 446, 0),
  ('260614-08', 2, '치프스타', null, 55.0, 0.0, false, '최범현', null, '957승(12.8%)/41승', '7전(4/1/0)', 3, '암', '2023-02-20', '밤색', '한국', 62, '섀클포드', '한라축제', '김길리', 18, '김수경', '문병기', 21, '173승(13.6%)', 7, '4/1/-/-/2', 301800, null, null, '260510국암 1800오크스 별A맑3%(44) 260405국암 1600루나 별A맑12%(39) 260215서10R혼3암 1400핸맑3%(58) 260103서9R국4 1400핸흐13%(46)', '{"건조": [0, 1, 0], "양호": [1, 0, 0], "다습": [1, 0, 0], "포화": [1, 0, 0], "불량": [1, 0, 0]}', '2026-05-07', '출자불', '[{"date": "2026-06-07", "name": "운동기인성 피로회복", "count": 3}, {"date": "2026-06-04", "name": "양후지 근육통", "count": 7}, {"date": "2026-05-26", "name": "우비절부 찰과상", "count": 2}]', 5, 11, 145, 11, 0, 466, -3),
  ('260614-08', 3, '대비마마', null, 55.0, 0.0, false, '코지', null, '62승(11.6%)/32승', '1전(0/1/0)', 3, '암', '2023-02-22', '갈색', '한국', null, '에어포스블루', '미스아델', '우태율', 135, '강필석', '정하백', 15, '13승(10.1%)', 2, '-/1/-/-/-', 6600, null, null, '260418서1R국6 1200별A맑5%(0) 260207서1R국6 1200별A맑2%(0) 251218-2R 주행심사 1000 맑16%', '{"건조": [0, 1, 0]}', null, null, '[{"date": "2026-06-08", "name": "운동기인성 피로회복", "count": 1}, {"date": "2026-06-03", "name": "양후지 근육통", "count": 4}, {"date": "2026-03-23", "name": "우전지 부종", "count": 3}]', 8, 18, 273, 31, 12, 509, 3),
  ('260614-08', 4, '와일드매직', null, 55.0, 2.5, false, '정정희', null, '223승(7.4%)/50승', '2전(1/1/0)', 3, '암', '2023-04-29', '밤색', '한국', 50, '트리플나인', '이반질린', '이시돌협회', 13, '이시돌협회', '리카디', 34, '262승(15.7%)', 8, '2/2/2/-/1', 85950, null, null, '260524서7R국4 1800핸맑10%(40) 260503서9R국5 1700핸흐11%(31) 260307서6R국5 1700핸맑15%(30) 260208서6R국5 1800핸맑2%(30)', '{"건조": [0, 1, 0], "양호": [0, 1, 1], "다습": [2, 0, 1]}', '2026-05-22', '양호', '[{"date": "2026-06-03", "name": "식이성 식욕부진", "count": 8}, {"date": "2026-04-15", "name": "피부병", "count": 1}, {"date": "2026-02-23", "name": "구내염", "count": 1}]', 3, 11, 118, 14, 0, 465, -1),
  ('260614-08', 5, '캐치레이스', null, 55.0, 0.0, false, '조재로', null, '282승(9.8%)/66승', '4전(2/0/1)', 3, '암', '2023-01-21', '갈색', '한국', 56, '어플릿익스프레스', '땡큐마더', '고재완', 37, '대천팜', '서인석', 33, '640승(9.6%)', 7, '2/-/2/1/1', 460050, null, null, '260510국암 1800오크스 별A맑3%(44) 260405국암 1600루나 별A맑12%(39) 260307서6R국5 1700핸맑15%(30) 251220서3R국6암 1400별A흐16%(0)', '{"건조": [1, 0, 0], "다습": [0, 0, 1], "포화": [1, 0, 1]}', null, null, '[{"date": "2026-05-08", "name": "운동기인성 피로회복", "count": 1}, {"date": "2026-04-29", "name": "좌후지교돌상", "count": 1}]', 5, 10, 125, 17, 0, 493, -1),
  ('260614-08', 6, '월드댄서캣', '부', 55.0, 0.0, false, '조인권', null, '745승(13.1%)/37승', '0전(0/0/0)', 3, '암', '2023-03-30', '갈색', '한국', 44, '머스킷맨', '서프라이징댄서', '윤지중', 107, '윤지중', '방동석', 26, '371승(9.7%)', 5, '2/2/-/-/-', 64350, null, null, '260405국암 1600루나 별A맑12%(39) 260227부6R혼4 1800핸흐18%(42) 260118부4R국5 1400핸맑2%(32) 251128부5R국5암 1300핸맑3%(32)', '{"건조": [1, 1, 0], "다습": [1, 0, 0], "포화": [0, 1, 0]}', '2026-04-02', '진입불', '[{"date": "2026-06-04", "name": "운동기인성 피로회복", "count": 3}, {"date": "2026-05-26", "name": "양전지파행", "count": 5}, {"date": "2026-04-21", "name": "좌전지파행", "count": 7}]', 10, 16, 312, 11, 0, 464, -8),
  ('260614-08', 7, '코스모롱', null, 55.0, 0.0, false, '김용근', null, '1,010승(15.1%)/42승', '7전(1/0/2)', 3, '암', '2023-03-04', '갈색', '한국', 32, '미스치비어슬리', '버닝건', '유수현', 10, '농업회사법인(주)트리플크(3라3조운)', '팜서인석', null, '640승(9.6%)', 7, '1/-/2/-/1', 30300, null, null, '260510국암 1800오크스 별A맑3%(44) 260405국암 1600루나 별A맑12%(39) 260302서4R국5암 1400핸비7%(31) 260131서3R국6 1400별A맑2%(0)', '{"건조": [1, 0, 0], "양호": [0, 0, 1], "포화": [0, 0, 1]}', '2026-06-10', '양호', '[{"date": "2026-06-03", "name": "우전지파행", "count": 6}, {"date": "2026-05-10", "name": "양후지교돌상", "count": 1}, {"date": "2026-05-08", "name": "운동기인성 피로회복", "count": 1}]', 5, 15, 251, 26, 0, 529, 6),
  ('260614-08', 8, '타이거로어', null, 55.0, 0.0, false, '빅투아르', null, '327승(11.1%)/49승', '2전(0/1/1)', 3, '암', '2023-04-19', '흑갈색', '한국', 45, '머스킷맨', '스토미튜스데이', '에릭 코', 7, '강훈표', '정호익', 10, '670승(10.1%)', 10, '1/3/2/-/1', 156350, null, null, '260510국암 1800오크스 별A맑3%(44) 260405국암 1600루나 별A맑12%(39) 260302서6R국4 1400핸비10%(41) 260124서6R국5 1400핸맑3%(31)', '{"건조": [1, 0, 1], "다습": [0, 2, 1], "포화": [0, 1, 0]}', '2026-06-10', '양호', '[{"date": "2026-06-07", "name": "운동기인성 피로회복", "count": 1}, {"date": "2026-06-04", "name": "운동기인성 피로회복", "count": 1}, {"date": "2026-06-03", "name": "양전지파행", "count": 4}]', 5, 10, 115, 12, 0, 485, 4),
  ('260614-08', 9, '명드림', null, 55.0, 2.5, false, '장추열', null, '586승(11.6%)/69승', '0전(0/0/0)', 3, '암', '2023-03-16', '갈색', '한국', 40, '머스킷맨', '꿈의실현', '(주)자성실업', 87, '(주)자성실업', '문병기', 21, '173승(13.6%)', 7, '3/-/-/-/-', 74250, null, null, '260509서3R국4암 1800핸맑5%(44) 260405국암 1600루나 별A맑12%(39) 260214서8R국4 1600핸맑3%(42) 251220서4R국5 1400핸흐16%(28)', '{"건조": [1, 0, 0], "다습": [1, 0, 0], "포화": [1, 0, 0]}', '2026-05-07', '양호', '[{"date": "2026-06-07", "name": "운동기인성 피로회복", "count": 2}, {"date": "2026-06-04", "name": "양후지 근육통", "count": 4}, {"date": "2026-05-11", "name": "좌후지파행", "count": 2}]', 5, 12, 145, 13, 0, 480, 14),
  ('260614-08', 10, '선라이즈', '부', 55.0, 0.0, false, '정도윤', null, '301승(9.7%)/35승', '0전(0/0/0)', 3, '암', '2023-03-22', '갈색', '한국', 40, '지몰로지스트', '선크래스트', '김근영', 12, '김근영', '하무선', 28, '190승(5.9%)', 5, '2/1/-/2/-', 88400, null, null, '260510국암 1800오크스 별A맑3%(44) 260329부4R국5암 1300핸맑2%(29) 260301부2R국6 1200별A흐12%(0) 260130부1R국6 1300별A맑2%(0)', '{"건조": [1, 1, 0], "다습": [1, 0, 0]}', '2026-05-07', '진입불', '[{"date": "2026-06-04", "name": "좌각막찰과상", "count": 1}, {"date": "2026-05-31", "name": "진정(장제)", "count": 1}, {"date": "2026-05-24", "name": "우중족부찰과상", "count": 2}]', 5, 11, 125, 15, 0, 472, -2),
  ('260614-09', 1, '제타마스터', null, 58.0, 2.0, false, '서승운', null, '946승(17.9%)/110승', '1전(0/0/0)', 6, '거', '2020-04-03', '밤색', '한국', 77, '테스타마타', '백산여왕', '김갑수', 4, '강필석', '우창구', 5, '414승(10.1%)', 25, '4/8/2/3/-', 279400, '1:55.8', '1:57.2', '260517국 2000스조선 별B맑3%(76) 260423-4R 주행심사 1000 맑3% 260314서10R2등 1800핸흐7%(76) 260214서10R2등 1800핸맑3%(74)', '{"건조": [2, 2, 2], "양호": [0, 3, 0], "다습": [1, 2, 0], "포화": [1, 0, 0], "불량": [0, 1, 0]}', null, null, '[{"date": "2026-05-19", "name": "우후지교돌상", "count": 6}, {"date": "2026-05-15", "name": "운동기인성 피로회복", "count": 1}, {"date": "2026-03-18", "name": "우전구절염좌", "count": 6}]', 4, 11, 117, 13, 0, 498, 5),
  ('260614-09', 2, '드래곤킬러', null, 53.5, -1.0, false, '김용근', null, '1,010승(15.1%)/42승', '3전(0/2/1)', 4, '수', '2022-05-26', '밤색', '한국', 68, '파워블레이드', '미나키', '김형란', 112, '한라농축영농조합법인', '강환민', 31, '224승(10.5%)', 13, '4/3/4/-/1', 193200, '1:57.6', '1:57.8', '260516서9R혼3 1800핸맑3%(60) 260426서9R국3 1800핸맑3%(59) 260328서9R국3 1800핸맑3%(57) 260228서9R국3 1600핸맑3%(56)', '{"건조": [2, 2, 3], "양호": [0, 1, 0], "다습": [1, 0, 0], "포화": [1, 0, 0], "불량": [0, 0, 1]}', null, null, '[{"date": "2026-06-03", "name": "좌후지교돌상", "count": 3}, {"date": "2026-02-11", "name": "마비성근색소뇨증", "count": 1}, {"date": "2026-01-04", "name": "정치", "count": 1}]', 4, 17, 162, 27, 0, 504, -5),
  ('260614-09', 3, '위즈러너', null, 55.5, 0.5, false, '송재철', null, '418승(8.5%)/41승', '2전(0/0/0)', 5, '거', '2021-04-07', '갈색', '미국', 72, 'VINO ROSSO', 'ABATIS', '최몽주', 108, '외국', '홍윤화', 13, '14승(10.5%)', 26, '5/-/1/2/5', 223650, '1:57.0', '1:58.5', '260523서7R2등 1600핸맑13%(73) 260412서9R2등 1800핸맑11%(74) 260207서10R2등 1600핸맑2%(72) 251220서11R2등 2000핸흐16%(74)', '{"건조": [3, 0, 0], "양호": [1, 0, 0], "다습": [1, 0, 1]}', '2026-05-21', '양호', '[{"date": "2026-05-27", "name": "좌전지파행", "count": 4}, {"date": "2026-04-23", "name": "마비성근색소뇨증", "count": 1}, {"date": "2026-02-08", "name": "양후 발목피부염(계", "count": 1}]', 3, 7, 84, 7, 0, 485, -8),
  ('260614-09', 4, '블루넬로', null, 52.0, -6.0, false, '루이스', null, '21승(9.9%)/21승', '0전(0/0/0)', 4, '수', '2022-04-25', '갈색', '미국', 65, 'GIFT BOX', 'PRINCESS TAYLOR', '최병욱', 12, '외국', '박윤규', 4, '403승(7.6%)', 15, '2/3/2/2/2', 152850, '1:53.3', '1:57.1', '260516서7R혼3 1800핸맑3%(59) 260405서9R혼3 1800핸맑6%(58) 260308서9R혼3 1800핸맑12%(60) 260208서9R혼3 1800핸맑2%(56)', '{"건조": [0, 0, 1], "양호": [0, 1, 0], "다습": [1, 1, 1], "포화": [1, 1, 0]}', '2026-05-14', '양호', '[{"date": "2026-06-03", "name": "좌후지교돌상", "count": 1}, {"date": "2026-05-30", "name": "진정(장제)", "count": 1}, {"date": "2026-05-21", "name": "우전구절염좌", "count": 5}]', 4, 12, 235, 18, 12, 543, 8),
  ('260614-09', 5, '아르고리치', null, 55.5, 1.5, false, '우인철', '-2', '27승(8.2%)/27승', '0전(0/0/0)', 6, '수', '2020-04-08', '밤색', '한국', 76, '컬러즈플라잉', '어너러리갤럽', '우태율', 135, '김순건', '최용건', 51, '169승(10.7%)', 28, '5/7/1/4/1', 313100, '1:53.4', '1:57.6', '260509서9R2등 1800핸맑5%(73) 260412서9R2등 1800핸맑11%(74) 260314서10R2등 1800핸흐7%(76) 260214서10R2등 1800핸맑3%(74)', '{"건조": [1, 3, 0], "양호": [2, 1, 1], "다습": [0, 2, 0], "포화": [2, 1, 0]}', '2026-05-07', '양호', '[{"date": "2026-05-14", "name": "정치", "count": 1}, {"date": "2026-05-12", "name": "양후지 근육통", "count": 4}, {"date": "2026-03-25", "name": "마비성근색소뇨증", "count": 1}]', 5, 15, 205, 18, 0, 510, -2),
  ('260614-09', 6, '새파랑', null, 55.0, 1.0, false, '장추열', null, '586승(11.6%)/69승', '3전(1/0/0)', 5, '수', '2021-05-06', '밤색', '미국', 71, '프레저베이셔니스', 'CAT DANCE', '최현우', 15, '외국', '서범석', 12, '504승(8.7%)', 21, '3/4/1/1/2', 198450, '1:56.1', '1:58.0', '260502서9R혼3 1800핸흐3%(57) 260308서9R혼3 1800핸맑12%(60) 260110서10R혼3 1800핸눈8%(57) 251214서10R혼3 1800핸맑18%(59)', '{"건조": [1, 3, 0], "양호": [2, 0, 0], "다습": [0, 0, 1], "불량": [0, 1, 0]}', '2026-06-10', '양호', '[{"date": "2026-05-05", "name": "양전지 근육통", "count": 3}, {"date": "2026-03-27", "name": "좌둔부혈종", "count": 3}, {"date": "2026-03-17", "name": "좌주두점액낭염(좌주", "count": 3}]', 6, 10, 181, 9, 0, 483, -1),
  ('260614-09', 7, '파이어파워', null, 54.0, -3.5, false, '조성환', '-4', '6승(2.5%)/6승', '0전(0/0/0)', 6, '수', '2020-03-04', '밤색', '한국', 77, '티즈원더풀', '바다새', '이윤석', 3, '고형석', '성상현', 20, '13승(12.4%)', 22, '5/3/5/4/1', 315950, '1:56.6', '1:58.6', '260524서10R2등 1400핸맑10%(73)260430-1R 주행심사 1000 맑3% 260409-3R 주행심사 1000 비6% 250629서11R1등 2000핸맑7%(87)', '{"건조": [2, 1, 2], "양호": [1, 0, 1], "다습": [1, 1, 2], "포화": [1, 1, 0]}', '2026-05-22', '양호', '[{"date": "2026-05-26", "name": "양전지파행", "count": 2}, {"date": "2026-05-22", "name": "운동기인성 피로회복", "count": 1}, {"date": "2026-05-13", "name": "양후지 근육통", "count": 3}]', 3, 10, 107, 11, 0, 523, 10),
  ('260614-09', 8, '원평리스트', null, 52.5, 0.0, true, '임다빈', null, '184승(8.1%)/24승', '3전(0/0/0)', 5, '암', '2021-04-07', '밤색', '한국', 63, '페더럴리스트', '시어리어슬리마인', '김용재', 40, '윤미영', '정호익', 10, '670승(10.1%)', 27, '5/1/1/-/3', 195550, '1:56.7', '1:57.7', '260426서10R2등 1200핸맑3%(73) 260405서9R혼3 1800핸맑6%(58) 260322서9R국3암 1400핸맑5%(58) 260111서8R2등 2000핸맑6%(73)', '{"건조": [1, 1, 0], "양호": [0, 0, 1], "다습": [3, 0, 0], "포화": [1, 0, 0]}', null, null, '[{"date": "2026-05-24", "name": "우전지파행", "count": 20}, {"date": "2026-04-26", "name": "좌후지교돌상", "count": 1}, {"date": "2026-04-19", "name": "운동기인성 피로회복", "count": 1}]', 7, 5, 55, 5, 0, 469, -2),
  ('260614-09', 9, '뉴돌콩', null, 57.0, 2.5, false, '유승완', null, '584승(9.3%)/25승', '0전(0/0/0)', 5, '수', '2021-03-26', '밤색', '미국', 75, 'ACCELERATE', 'SWEAR BY IT', '이태인', 69, '외국', '서인석', 33, '640승(9.6%)', 21, '4/3/2/6/-', 248550, '1:53.8', '1:56.7', '260523서7R2등 1600핸맑13%(73) 260430-3R 주행심사 1000 맑3% 251130혼 2300그랑프 마흐10%(78) 251018서11R2등 2000핸흐19%(72)', '{"건조": [0, 1, 0], "양호": [2, 0, 0], "다습": [0, 1, 0], "포화": [1, 1, 2], "불량": [1, 0, 0]}', '2026-05-21', '양호', '[{"date": "2026-04-14", "name": "우후지 근육통", "count": 3}, {"date": "2026-01-16", "name": "좌비절후종(좌척측인", "count": 19}, {"date": "2026-01-02", "name": "마체검사", "count": 1}]', 3, 11, 134, 18, 0, 528, 4),
  ('260614-09', 10, '탄성의반석', null, 56.0, -2.0, false, '이동하', null, '313승(10.9%)/64승', '2전(1/1/0)', 4, '수', '2022-04-28', '흑갈색', '미국', 73, 'GOOD SAMARITAN', 'ONE SHARP LADY', '임병효', 5, '외국', '정호익', 10, '670승(10.1%)', 14, '3/5/2/3/-', 227400, '1:55.6', '1:57.2', '260503서6R혼3 1600핸흐10%(60) 260404서8R혼3 1600핸맑7%(56) 260308서9R혼3 1800핸맑12%(60) 260208서9R혼3 1800핸맑2%(56)', '{"건조": [0, 4, 1], "양호": [1, 1, 0], "다습": [1, 0, 0], "포화": [1, 0, 1]}', '2026-06-10', '양호', '[{"date": "2026-06-07", "name": "운동기인성 피로회복", "count": 1}, {"date": "2026-06-04", "name": "운동기인성 피로회복", "count": 1}, {"date": "2026-05-07", "name": "양전지파행", "count": 4}]', 6, 10, 132, 9, 0, 515, 7),
  ('260614-09', 11, '나소챗', null, 52.5, -2.5, true, '푸르칸', null, '60승(7.2%)/24승', '5전(0/0/0)', 4, '거', '2022-02-01', '갈색', '미국', 56, 'HONOR A. P.', 'WICKED STORM', '조금제', 76, '외국', '임채덕', 35, '37승(3.1%)', 23, '3/2/-/1/3', 127350, '1:55.7', '1:57.8', '260524서8R혼3 1600핸맑10%(56) 260502서9R혼3 1800핸흐3%(57) 260321서10R혼3 1800핸맑5%(57) 260214서10R2등 1800핸맑3%(74)', '{"건조": [2, 1, 0], "포화": [1, 1, 0]}', '2026-05-21', '양호', '[{"date": "2026-05-25", "name": "양각막염", "count": 3}, {"date": "2026-05-22", "name": "운동기인성 피로회복", "count": 3}, {"date": "2026-05-14", "name": "좌전구절찰과상", "count": 1}]', 3, 7, 93, 9, 0, 478, 0),
  ('260614-10', 1, '마이슈퍼맨', null, 53.0, 0.5, false, '루이스', null, '21승(9.9%)/21승', '1전(0/0/0)', 3, '수', '2023-04-06', '회색', '미국', 36, 'MOHAYMEN', 'SUPERQUINN', '권경자', 150, '외국', '박병일', 27, '246승(9.1%)', 7, '-/-/-/1/1', 5400, '1:13.8', '1:15.8', '260510서10R혼4 1200핸맑5%(39) 260411서9R혼4 1300핸맑13%(39) 260302서8R혼4 1200핸비11%(38) 260131서6R혼4 1200핸맑2%(42)', null, '2026-05-07', '출자불', '[{"date": "2026-05-08", "name": "운동기인성 피로회복", "count": 2}, {"date": "2026-04-11", "name": "양각막염", "count": 1}, {"date": "2026-04-01", "name": "양후지 근육통", "count": 1}]', 5, 14, 172, 15, 14, 479, 13),
  ('260614-10', 2, '팬텀프린스', null, 54.0, 0.0, false, '송재철', null, '418승(8.5%)/41승', '0전(0/0/0)', 3, '수', '2023-05-06', '회색', '미국', 38, 'CAIRO PRINCE', 'HER BIG MOMENT', '강만구', 7, '외국', '성상현', 20, '13승(12.4%)', 0, '-/-/-/-/-', 0, null, null, '260528-4R 주행심사 1000 흐12% 260507-1R 주행심사 1000 맑7%', null, '2026-05-27', '양호', '[{"date": "2026-06-04", "name": "양후지 근육통", "count": 1}, {"date": "2026-06-03", "name": "운동기질환 기타", "count": 4}, {"date": "2026-05-19", "name": "구내염", "count": 1}]', null, 14, 204, 19, 0, null, null),
  ('260614-10', 3, '브리도챔피언', null, 53.0, 0.5, false, '이혁', null, '588승(10.1%)/35승', '0전(0/0/0)', 3, '거', '2023-03-09', '갈색', '미국', 36, 'OMAHA BEACH', 'SENSE OF GRACE', '조수영', 11, '외국', '정하백', 15, '13승(10.1%)', 3, '-/-/-/-/-', 0, '1:16.7', '1:17.4', '260404서10R혼4 1400핸맑6%(43) 260228서2R혼4 1200별A맑3%(38) 260212-2R 주행심사 1000 맑2% 260110서2R혼4 1200별A강8%(38)', null, '2026-04-03', '양호', '[{"date": "2026-06-08", "name": "운동기인성 피로회복", "count": 1}, {"date": "2026-06-03", "name": "양후지 근육통", "count": 1}]', 10, 16, 244, 24, 3, 461, -12),
  ('260614-10', 4, '원평타운', null, 53.0, -2.5, false, '조성환', '-4', '6승(2.5%)/6승', '4전(0/0/1)', 6, '수', '2020-02-23', '갈색', '한국', 44, 'MO TOWN', '시어리어슬리마인', '김용재', 40, '윤미영', '심승태', 37, '230승(6.8%)', 33, '1/7/4/1/4', 151200, '1:14.5', '1:16.0', '260521-4R 주행심사 1000 비18% 260430-3R 주행심사 1000 맑3% 260111서6R국4 1200핸맑6%(39) 251213서9R혼4 1200핸비불(43)', '{"건조": [1, 2, 2], "양호": [0, 3, 1], "다습": [0, 0, 1], "포화": [0, 2, 0]}', null, null, '[{"date": "2026-04-19", "name": "좌중족부찰과상", "count": 2}, {"date": "2026-04-05", "name": "정치", "count": 1}, {"date": "2026-01-11", "name": "좌후지교돌상", "count": 1}]', 22, 10, 100, 13, 0, 516, -15),
  ('260614-10', 5, '칸비그레이트', null, 53.0, 0.5, false, '빅투아르', null, '327승(11.1%)/49승', '4전(0/0/0)', 4, '거', '2022-02-19', '밤색', '미국', 36, 'KANTHAROS', 'UNDERALUCKYSTAR', '박정재', 167, '외국', '문병기', 21, '173승(13.6%)', 7, '-/-/-/1/1', 6150, '1:16.6', '1:17.6', '260516서6R혼4 1200핸맑3%(40) 260411서10R혼4 1700핸맑13%(42)260321서8R혼4 1300핸맑5%(41) 260302서8R혼4 1200핸비11%(38)', null, '2026-05-14', '양호', '[{"date": "2026-05-03", "name": "좌후지파행", "count": 1}, {"date": "2026-04-11", "name": "좌후두편마비", "count": 1}, {"date": "2026-03-22", "name": "양후지 근육통", "count": 2}]', 4, 10, 158, 15, 0, 520, 12),
  ('260614-10', 6, '위너선', null, 52.0, -0.5, false, '우인철', '-2', '27승(8.2%)/27승', '1전(0/0/0)', 4, '거', '2022-01-19', '흑갈색', '미국', 38, 'ECHO TOWN', 'ABOVE IT', '태희종합건설', 20, '외국', '우창구', 5, '414승(10.1%)', 3, '-/-/-/-/-', 0, '1:14.9', '1:16.4', '260418서7R혼4 1200핸맑5%(46) 260322서8R혼4 1200핸맑5%(37) 260226-3R 주행심사 1000 맑3% 250719서5R혼4 1200핸흐19%(42)', null, '2026-05-14', '출자불', '[{"date": "2026-05-19", "name": "우전좌후지파행", "count": 5}, {"date": "2026-04-20", "name": "좌후지교돌상", "count": 3}, {"date": "2026-03-24", "name": "우후지교돌상", "count": 3}]', 8, 14, 135, 12, 0, 473, -3),
  ('260614-10', 7, '컴플리트스텝', null, 52.0, -0.5, false, '임기원', null, '459승(13.8%)/12승', '9전(2/0/1)', 6, '암', '2020-04-02', '갈색', '한국', 38, '지롤라모', '골든로즈', '장석영', 131, '김선식', '이신우', 14, '424승(11.7%)', 22, '2/1/5/1/1', 92150, '1:14.2', '1:15.7', '260530서10R국4 1200핸맑7%(45) 260516서6R혼4 1200핸맑3%(40) 260502서6R혼4 1200핸흐3%(42) 260404서5R국5 1200핸맑7%(31)', '{"건조": [1, 1, 2], "양호": [1, 0, 2], "다습": [0, 0, 1]}', '2026-05-28', '양호', '[{"date": "2026-05-30", "name": "양각막염", "count": 2}, {"date": "2026-05-02", "name": "좌후지교돌상", "count": 1}, {"date": "2026-02-13", "name": "우전구절찰과상", "count": 2}]', 2, 12, 125, 8, 0, 493, -6),
  ('260614-10', 8, '엑스팩터', null, 52.5, 1.5, true, '조재로', null, '282승(9.8%)/66승', '0전(0/0/0)', 5, '거', '2021-04-13', '갈색', '한국', 24, '페더럴리스트', '로렌브레이', '공이공팔', 31, '조천근', '김동균', 52, '395승(9.3%)', 18, '1/1/1/3/1', 34350, '1:15.8', '1:16.5', '260524서5R국5 1200핸맑11%(32) 260502서5R국5 1200핸흐3%(29) 260411서6R국4 1200핸맑14%(37) 260329서8R혼4 1800핸맑3%(39)', '{"건조": [1, 1, 0], "다습": [0, 0, 1]}', '2026-05-15', '출자불', '[{"date": "2026-04-12", "name": "양각막염", "count": 1}, {"date": "2026-02-02", "name": "좌전지 근육통", "count": 2}]', 3, 15, 177, 17, 0, 494, 2),
  ('260614-10', 9, '아모스맨', null, 54.0, 0.0, false, '정정희', null, '223승(7.4%)/50승', '0전(0/0/0)', 3, '수', '2023-05-20', '갈색', '미국', 38, 'COLLECTED', 'KELL PASO', '홍애란', 15, '외국', '홍윤화', 13, '14승(10.5%)', 0, '-/-/-/-/-', 0, null, null, '260430-4R 주행심사 1000 맑3% 251106-3R 주행심사 1000 맑5% 250529-2R 주행심사 1000 맑7%', null, null, null, '[{"date": "2026-06-03", "name": "양전지 부종", "count": 4}, {"date": "2026-05-14", "name": "우중수부 자창", "count": 3}, {"date": "2026-05-10", "name": "비정상 치아 마모", "count": 1}]', null, 18, 194, 21, 0, null, null);

-- predictions: 204건
insert into public.predictions (race_id, gate_no, horse_name, score, win_prob, rank, basis, factors) values
  ('260613-01', 1, '고스트소닉', 0.508, 0.102, 5, null, '{"레이팅": 0.5, "승률": 0.5, "복승률": 0.5, "최고기록": 0.5, "기수승률": 0.36, "조교사승률": 0.87, "상금효율": 0.5, "중량증감": 0.5}'),
  ('260613-01', 2, '걸작루비', 0.494, 0.094, 7, null, '{"레이팅": 0.5, "승률": 0.5, "복승률": 0.5, "최고기록": 0.5, "기수승률": 0.19, "조교사승률": 0.92, "상금효율": 0.5, "중량증감": 0.5}'),
  ('260613-01', 3, '골든벤투스', 0.496, 0.095, 6, null, '{"레이팅": 0.5, "승률": 0.5, "복승률": 0.5, "최고기록": 0.5, "기수승률": 0.28, "조교사승률": 0.79, "상금효율": 0.5, "중량증감": 0.5}'),
  ('260613-01', 4, '뉴발삭스', 0.539, 0.123, 2, '레이팅·승률 우위', '{"레이팅": 0.5, "승률": 0.5, "복승률": 0.5, "최고기록": 0.5, "기수승률": 0.7, "조교사승률": 0.82, "상금효율": 0.5, "중량증감": 0.5}'),
  ('260613-01', 5, '천둥의불꽃', 0.421, 0.061, 10, null, '{"레이팅": 0.5, "승률": 0.5, "복승률": 0.5, "최고기록": 0.5, "기수승률": 0.01, "조교사승률": 0.0, "상금효율": 0.5, "중량증감": 0.5}'),
  ('260613-01', 6, '토네르도스', 0.51, 0.104, 4, null, '{"레이팅": 0.5, "승률": 0.5, "복승률": 0.5, "최고기록": 0.5, "기수승률": 0.3, "조교사승률": 1.0, "상금효율": 0.5, "중량증감": 0.5}'),
  ('260613-01', 7, '걸작번개', 0.475, 0.084, 8, null, '{"레이팅": 0.5, "승률": 0.5, "복승률": 0.5, "최고기록": 0.5, "기수승률": 0.0, "조교사승률": 0.92, "상금효율": 0.5, "중량증감": 0.5}'),
  ('260613-01', 8, '나르샤볼트', 0.575, 0.153, 1, '레이팅·기수승률 우위', '{"레이팅": 0.5, "승률": 0.5, "복승률": 0.5, "최고기록": 0.5, "기수승률": 1.0, "조교사승률": 0.92, "상금효율": 0.5, "중량증감": 0.5}'),
  ('260613-01', 9, '가온의빛', 0.449, 0.072, 9, null, '{"레이팅": 0.5, "승률": 0.5, "복승률": 0.5, "최고기록": 0.5, "기수승률": 0.22, "조교사승률": 0.11, "상금효율": 0.5, "중량증감": 0.5}'),
  ('260613-01', 10, '원더그레이스', 0.525, 0.113, 3, '레이팅·승률 우위', '{"레이팅": 0.5, "승률": 0.5, "복승률": 0.5, "최고기록": 0.5, "기수승률": 0.53, "조교사승률": 0.87, "상금효율": 0.5, "중량증감": 0.5}'),
  ('260613-02', 1, '라이징윈드', 0.412, 0.054, 7, null, '{"레이팅": 0.5, "승률": 0.5, "복승률": 0.43, "최고기록": 0.22, "기수승률": 0.21, "조교사승률": 0.21, "상금효율": 0.36, "중량증감": 1.0}'),
  ('260613-02', 2, '역전의히트', 0.483, 0.082, 4, null, '{"레이팅": 0.5, "승률": 0.5, "복승률": 0.0, "최고기록": 0.56, "기수승률": 1.0, "조교사승률": 0.23, "상금효율": 0.18, "중량증감": 1.0}'),
  ('260613-02', 3, '제주프린세스', 0.519, 0.101, 3, '레이팅·승률 우위', '{"레이팅": 0.5, "승률": 0.5, "복승률": 0.5, "최고기록": 0.44, "기수승률": 0.47, "조교사승률": 0.39, "상금효율": 0.79, "중량증감": 1.0}'),
  ('260613-02', 4, '피렌체골드', 0.405, 0.051, 9, null, '{"레이팅": 0.5, "승률": 0.5, "복승률": 0.0, "최고기록": 0.5, "기수승률": 0.34, "조교사승률": 0.36, "상금효율": 0.0, "중량증감": 1.0}'),
  ('260613-02', 5, '대동용마', 0.298, 0.027, 11, null, '{"레이팅": 0.5, "승률": 0.5, "복승률": 0.0, "최고기록": 0.0, "기수승률": 0.0, "조교사승률": 0.47, "상금효율": 0.0, "중량증감": 1.0}'),
  ('260613-02', 6, '피엔에스미', 0.345, 0.036, 10, null, '{"레이팅": 0.5, "승률": 0.5, "복승률": 0.21, "최고기록": 0.0, "기수승률": 0.12, "조교사승률": 0.3, "상금효율": 0.32, "중량증감": 1.0}'),
  ('260613-02', 7, '라이언비트', 0.426, 0.058, 6, null, '{"레이팅": 0.5, "승률": 0.5, "복승률": 0.0, "최고기록": 0.5, "기수승률": 0.56, "조교사승률": 1.0, "상금효율": 0.0, "중량증감": 0.0}'),
  ('260613-02', 8, '비바참', 0.446, 0.065, 5, null, '{"레이팅": 0.5, "승률": 0.5, "복승률": 0.0, "최고기록": 0.5, "기수승률": 0.23, "조교사승률": 0.74, "상금효율": 0.48, "중량증감": 1.0}'),
  ('260613-02', 9, '쾌걸춘향', 0.411, 0.053, 8, null, '{"레이팅": 0.5, "승률": 0.5, "복승률": 0.0, "최고기록": 0.5, "기수승률": 0.39, "조교사승률": 0.0, "상금효율": 0.36, "중량증감": 1.0}'),
  ('260613-02', 10, '크리솔포시', 0.616, 0.182, 2, '레이팅·승률 우위', '{"레이팅": 0.5, "승률": 0.5, "복승률": 0.75, "최고기록": 0.5, "기수승률": 0.8, "조교사승률": 0.74, "상금효율": 0.86, "중량증감": 1.0}'),
  ('260613-02', 11, '인스파이어', 0.695, 0.291, 1, '최고기록·레이팅 우위', '{"레이팅": 0.5, "승률": 0.5, "복승률": 1.0, "최고기록": 1.0, "기수승률": 0.51, "조교사승률": 0.57, "상금효율": 1.0, "중량증감": 1.0}'),
  ('260613-03', 1, '파이널질주', 0.534, 0.051, 7, null, '{"레이팅": 0.89, "승률": 0.41, "복승률": 0.07, "최고기록": 0.78, "기수승률": 0.26, "조교사승률": 0.0, "상금효율": 0.19, "중량증감": 1.0}'),
  ('260613-03', 2, '블레이징엔진', 0.674, 0.118, 4, null, '{"레이팅": 0.44, "승률": 1.0, "복승률": 0.74, "최고기록": 0.84, "기수승률": 0.53, "조교사승률": 0.65, "상금효율": 0.72, "중량증감": 0.29}'),
  ('260613-03', 3, '학산소드', 0.491, 0.039, 8, null, '{"레이팅": 0.67, "승률": 0.67, "복승률": 0.39, "최고기록": 0.0, "기수승률": 0.48, "조교사승률": 0.65, "상금효율": 0.61, "중량증감": 0.36}'),
  ('260613-03', 4, '라온블레이드', 0.826, 0.295, 1, '레이팅·승률 우위', '{"레이팅": 1.0, "승률": 1.0, "복승률": 1.0, "최고기록": 0.54, "기수승률": 0.28, "조교사승률": 0.97, "상금효율": 1.0, "중량증감": 0.36}'),
  ('260613-03', 5, '홀리카이저', 0.696, 0.135, 3, '레이팅·승률 우위', '{"레이팅": 0.89, "승률": 0.92, "복승률": 0.17, "최고기록": 0.57, "기수승률": 1.0, "조교사승률": 0.62, "상금효율": 0.35, "중량증감": 0.29}'),
  ('260613-03', 6, '승리바로우즈', 0.598, 0.075, 5, null, '{"레이팅": 1.0, "승률": 0.4, "복승률": 0.42, "최고기록": 0.43, "기수승률": 0.53, "조교사승률": 0.76, "상금효율": 0.38, "중량증감": 0.14}'),
  ('260613-03', 7, '용비교', 0.707, 0.144, 2, '레이팅·최고기록 우위', '{"레이팅": 0.89, "승률": 0.75, "복승률": 0.28, "최고기록": 1.0, "기수승률": 0.42, "조교사승률": 1.0, "상금효율": 0.42, "중량증감": 0.07}'),
  ('260613-03', 8, '왕최고', 0.424, 0.026, 10, null, '{"레이팅": 0.78, "승률": 0.0, "복승률": 0.16, "최고기록": 0.76, "기수승률": 0.0, "조교사승률": 0.77, "상금효율": 0.05, "중량증감": 0.43}'),
  ('260613-03', 9, '터보차지', 0.182, 0.006, 11, null, '{"레이팅": 0.0, "승률": 0.4, "복승률": 0.0, "최고기록": 0.27, "기수승률": 0.04, "조교사승률": 0.86, "상금효율": 0.0, "중량증감": 0.29}'),
  ('260613-03', 10, '리플렉트', 0.593, 0.073, 6, null, '{"레이팅": 0.78, "승률": 0.75, "복승률": 0.47, "최고기록": 0.41, "기수승률": 0.4, "조교사승률": 0.45, "상금효율": 0.86, "중량증감": 0.0}'),
  ('260613-03', 11, '텐배거', 0.482, 0.037, 9, null, '{"레이팅": 0.89, "승률": 0.27, "복승률": 0.01, "최고기록": 0.76, "기수승률": 0.16, "조교사승률": 0.43, "상금효율": 0.09, "중량증감": 0.36}'),
  ('260613-04', 1, '크로마이트', 0.362, 0.031, 9, null, '{"레이팅": 0.5, "승률": 0.09, "복승률": 0.06, "최고기록": 0.68, "기수승률": 0.18, "조교사승률": 0.6, "상금효율": 0.1, "중량증감": 0.73}'),
  ('260613-04', 2, '아치메모리', 0.393, 0.037, 7, null, '{"레이팅": 0.58, "승률": 0.08, "복승률": 0.16, "최고기록": 0.81, "기수승률": 0.16, "조교사승률": 0.02, "상금효율": 0.14, "중량증감": 1.0}'),
  ('260613-04', 3, '프리메로', 0.554, 0.097, 2, '레이팅·승률 우위', '{"레이팅": 0.58, "승률": 0.57, "복승률": 0.71, "최고기록": 0.4, "기수승률": 0.62, "조교사승률": 0.55, "상금효율": 0.34, "중량증감": 0.55}'),
  ('260613-04', 4, '이클립스베이', 0.398, 0.038, 6, null, '{"레이팅": 0.5, "승률": 0.5, "복승률": 0.0, "최고기록": 0.43, "기수승률": 0.48, "조교사승률": 0.38, "상금효율": 0.13, "중량증감": 0.55}'),
  ('260613-04', 5, '슈퍼엑톤', 0.54, 0.089, 4, null, '{"레이팅": 1.0, "승률": 0.17, "복승률": 0.05, "최고기록": 1.0, "기수승률": 0.28, "조교사승률": 0.39, "상금효율": 0.21, "중량증감": 0.0}'),
  ('260613-04', 6, '그랜드파크', 0.214, 0.013, 11, null, '{"레이팅": 0.0, "승률": 0.0, "복승률": 0.03, "최고기록": 0.5, "기수승률": 0.69, "조교사승률": 0.71, "상금효율": 0.0, "중량증감": 0.45}'),
  ('260613-04', 7, '문학벨', 0.52, 0.079, 5, null, '{"레이팅": 0.67, "승률": 0.33, "복승률": 0.47, "최고기록": 0.62, "기수승률": 0.53, "조교사승률": 0.56, "상금효율": 0.29, "중량증감": 0.36}'),
  ('260613-04', 8, '플라잉아너', 0.817, 0.469, 1, '레이팅·승률 우위', '{"레이팅": 0.92, "승률": 1.0, "복승률": 1.0, "최고기록": 0.5, "기수승률": 0.49, "조교사승률": 1.0, "상금효율": 1.0, "중량증감": 0.27}'),
  ('260613-04', 9, '투어킹', 0.366, 0.031, 8, null, '{"레이팅": 0.5, "승률": 0.5, "복승률": 0.2, "최고기록": 0.38, "기수승률": 0.0, "조교사승률": 0.0, "상금효율": 0.18, "중량증감": 1.0}'),
  ('260613-04', 10, '크리솔피스', 0.319, 0.024, 10, null, '{"레이팅": 0.42, "승률": 0.4, "복승률": 0.12, "최고기록": 0.0, "기수승률": 0.67, "조교사승률": 0.33, "상금효율": 0.18, "중량증감": 0.45}'),
  ('260613-04', 11, '베스트프리덤', 0.548, 0.093, 3, '레이팅·기수승률 우위', '{"레이팅": 0.5, "승률": 0.5, "복승률": 0.4, "최고기록": 0.5, "기수승률": 1.0, "조교사승률": 0.56, "상금효율": 0.27, "중량증감": 1.0}'),
  ('260613-05', 1, '재즈퍼플', 0.657, 0.242, 2, '레이팅·승률 우위', '{"레이팅": 1.0, "승률": 1.0, "복승률": 0.28, "최고기록": 0.58, "기수승률": 0.27, "조교사승률": 0.07, "상금효율": 0.66, "중량증감": 0.0}'),
  ('260613-05', 2, '맥스파티', 0.159, 0.012, 8, null, '{"레이팅": 0.0, "승률": 0.19, "복승률": 0.0, "최고기록": 0.58, "기수승률": 0.08, "조교사승률": 0.0, "상금효율": 0.0, "중량증감": 0.59}'),
  ('260613-05', 3, '로열베스트', 0.554, 0.131, 4, null, '{"레이팅": 0.68, "승률": 0.17, "복승률": 0.1, "최고기록": 0.88, "기수승률": 1.0, "조교사승률": 0.67, "상금효율": 0.08, "중량증감": 0.88}'),
  ('260613-05', 4, '거센펀치', 0.328, 0.034, 7, null, '{"레이팅": 0.45, "승률": 0.58, "복승률": 0.05, "최고기록": 0.12, "기수승률": 0.22, "조교사승률": 0.09, "상금효율": 0.19, "중량증감": 0.82}'),
  ('260613-05', 5, '아모스골드', 0.442, 0.066, 5, null, '{"레이팅": 0.45, "승률": 0.0, "복승률": 1.0, "최고기록": 0.5, "기수승률": 0.42, "조교사승률": 0.31, "상금효율": 0.46, "중량증감": 0.65}'),
  ('260613-05', 6, '블루레인', 0.359, 0.04, 6, null, '{"레이팅": 0.55, "승률": 0.64, "복승률": 0.2, "최고기록": 0.0, "기수승률": 0.0, "조교사승률": 0.13, "상금효율": 0.34, "중량증감": 1.0}'),
  ('260613-05', 7, '파리의불꽃', 0.711, 0.334, 1, '레이팅·승률 우위', '{"레이팅": 1.0, "승률": 0.78, "복승률": 0.16, "최고기록": 0.35, "기수승률": 0.73, "조교사승률": 1.0, "상금효율": 1.0, "중량증감": 0.59}'),
  ('260613-05', 8, '벨로테로', 0.567, 0.141, 3, '레이팅·최고기록 우위', '{"레이팅": 1.0, "승률": 0.27, "복승률": 0.22, "최고기록": 1.0, "기수승률": 0.09, "조교사승률": 0.24, "상금효율": 0.27, "중량증감": 0.29}'),
  ('260613-06', 1, '벌교디와이', 0.337, 0.029, 7, null, '{"레이팅": 0.29, "승률": 0.16, "복승률": 0.27, "최고기록": 0.51, "기수승률": 0.65, "조교사승률": 0.24, "상금효율": 0.16, "중량증감": 0.57}'),
  ('260613-06', 2, '학산카이로', 0.439, 0.054, 5, null, '{"레이팅": 0.71, "승률": 0.0, "복승률": 0.51, "최고기록": 0.36, "기수승률": 0.86, "조교사승률": 0.06, "상금효율": 0.28, "중량증감": 0.43}'),
  ('260613-06', 3, '신의운명', 0.152, 0.01, 9, null, '{"레이팅": 0.0, "승률": 0.15, "복승률": 0.0, "최고기록": 0.27, "기수승률": 0.0, "조교사승률": 0.7, "상금효율": 0.0, "중량증감": 1.0}'),
  ('260613-06', 4, '월드조이', 0.481, 0.07, 4, null, '{"레이팅": 0.59, "승률": 0.24, "복승률": 0.48, "최고기록": 1.0, "기수승률": 0.21, "조교사승률": 0.0, "상금효율": 0.35, "중량증감": 0.36}'),
  ('260613-06', 5, '금아포모스트', 0.285, 0.022, 8, null, '{"레이팅": 0.47, "승률": 0.0, "복승률": 0.54, "최고기록": 0.0, "기수승률": 0.49, "조교사승률": 0.14, "상금효율": 0.28, "중량증감": 0.36}'),
  ('260613-06', 6, '라온니진스키', 0.532, 0.095, 3, '레이팅·복승률 우위', '{"레이팅": 0.82, "승률": 0.36, "복승률": 0.59, "최고기록": 0.4, "기수승률": 0.54, "조교사승률": 0.39, "상금효율": 0.41, "중량증감": 0.0}'),
  ('260613-06', 7, '파드슈발', 0.651, 0.194, 2, '레이팅·승률 우위', '{"레이팅": 0.65, "승률": 0.83, "복승률": 0.71, "최고기록": 0.55, "기수승률": 0.63, "조교사승률": 0.29, "상금효율": 0.9, "중량증감": 0.29}'),
  ('260613-06', 8, '블랙사탕', 0.804, 0.485, 1, '레이팅·승률 우위', '{"레이팅": 1.0, "승률": 1.0, "복승률": 1.0, "최고기록": 0.37, "기수승률": 0.32, "조교사승률": 1.0, "상금효율": 1.0, "중량증감": 0.29}'),
  ('260613-06', 9, '러브오마인', 0.387, 0.04, 6, null, '{"레이팅": 0.35, "승률": 0.25, "복승률": 0.13, "최고기록": 0.37, "기수승률": 1.0, "조교사승률": 0.57, "상금효율": 0.17, "중량증감": 0.57}'),
  ('260613-07', 1, '히어로짱', 0.219, 0.01, 9, null, '{"레이팅": 0.07, "승률": 0.0, "복승률": 0.17, "최고기록": 0.8, "기수승률": 0.22, "조교사승률": 0.0, "상금효율": 0.13, "중량증감": 0.5}'),
  ('260613-07', 2, '마이던', 0.229, 0.01, 8, null, '{"레이팅": 0.0, "승률": 0.0, "복승률": 0.0, "최고기록": 0.5, "기수승률": 1.0, "조교사승률": 0.49, "상금효율": 0.0, "중량증감": 0.5}'),
  ('260613-07', 3, '스터닝플래터', 0.833, 0.38, 1, '레이팅·최고기록 우위', '{"레이팅": 1.0, "승률": 0.54, "복승률": 1.0, "최고기록": 1.0, "기수승률": 0.87, "조교사승률": 0.38, "상금효율": 0.79, "중량증감": 0.5}'),
  ('260613-07', 4, '럭키붐', 0.645, 0.122, 3, '레이팅·최고기록 우위', '{"레이팅": 0.93, "승률": 0.65, "복승률": 0.03, "최고기록": 0.96, "기수승률": 0.21, "조교사승률": 0.43, "상금효율": 0.37, "중량증감": 1.0}'),
  ('260613-07', 5, '벌교낙성', 0.412, 0.03, 5, null, '{"레이팅": 0.43, "승률": 0.0, "복승률": 0.39, "최고기록": 0.5, "기수승률": 0.5, "조교사승률": 0.78, "상금효율": 0.47, "중량증감": 1.0}'),
  ('260613-07', 6, '샤이닝로드', 0.556, 0.072, 4, null, '{"레이팅": 0.71, "승률": 0.81, "복승률": 0.39, "최고기록": 0.0, "기수승률": 0.6, "조교사승률": 0.81, "상금효율": 0.93, "중량증감": 0.0}'),
  ('260613-07', 7, '윈캐처', 0.31, 0.017, 7, null, '{"레이팅": 0.29, "승률": 0.0, "복승률": 0.32, "최고기록": 0.5, "기수승률": 0.46, "조교사승률": 0.54, "상금효율": 0.23, "중량증감": 0.5}'),
  ('260613-07', 8, '메가스텝', 0.814, 0.338, 2, '레이팅·승률 우위', '{"레이팅": 0.93, "승률": 1.0, "복승률": 0.91, "최고기록": 0.5, "기수승률": 0.44, "조교사승률": 1.0, "상금효율": 1.0, "중량증감": 0.5}'),
  ('260613-07', 9, '하이폴리', 0.348, 0.021, 6, null, '{"레이팅": 0.14, "승률": 0.57, "복승률": 0.42, "최고기록": 0.36, "기수승률": 0.0, "조교사승률": 0.97, "상금효율": 0.31, "중량증감": 0.5}'),
  ('260613-08', 1, '콜긴', 0.365, 0.041, 8, null, '{"레이팅": 0.55, "승률": 0.04, "복승률": 0.0, "최고기록": 0.75, "기수승률": 0.62, "조교사승률": 0.0, "상금효율": 0.02, "중량증감": 0.54}'),
  ('260613-08', 2, '마이티숀', 0.36, 0.04, 9, null, '{"레이팅": 0.64, "승률": 0.0, "복승률": 0.27, "최고기록": 0.25, "기수승률": 0.73, "조교사승률": 0.16, "상금효율": 0.08, "중량증감": 0.54}'),
  ('260613-08', 3, '드림아너', 0.486, 0.085, 4, null, '{"레이팅": 0.91, "승률": 0.01, "복승률": 0.2, "최고기록": 1.0, "기수승률": 0.02, "조교사승률": 0.24, "상금효율": 0.16, "중량증감": 0.46}'),
  ('260613-08', 4, '마이티코드', 0.452, 0.069, 6, null, '{"레이팅": 0.36, "승률": 0.38, "복승률": 0.5, "최고기록": 0.14, "기수승률": 1.0, "조교사승률": 0.39, "상금효율": 0.57, "중량증감": 1.0}'),
  ('260613-08', 5, '검이불루', 0.093, 0.008, 10, null, '{"레이팅": 0.0, "승률": 0.08, "복승률": 0.09, "최고기록": 0.0, "기수승률": 0.23, "조교사승률": 0.4, "상금효율": 0.0, "중량증감": 0.54}'),
  ('260613-08', 6, '럭키프랭크', 0.457, 0.071, 5, null, '{"레이팅": 0.64, "승률": 0.11, "복승률": 0.31, "최고기록": 0.75, "기수승률": 0.5, "조교사승률": 0.61, "상금효율": 0.15, "중량증감": 0.15}'),
  ('260613-08', 7, '파사스퍼트', 0.419, 0.057, 7, null, '{"레이팅": 0.09, "승률": 0.57, "복승률": 0.56, "최고기록": 0.61, "기수승률": 0.29, "조교사승률": 0.6, "상금효율": 0.69, "중량증감": 0.54}'),
  ('260613-08', 8, '글로벌챔프', 0.667, 0.253, 2, '승률·레이팅 우위', '{"레이팅": 0.55, "승률": 1.0, "복승률": 1.0, "최고기록": 0.07, "기수승률": 0.7, "조교사승률": 0.66, "상금효율": 1.0, "중량증감": 0.85}'),
  ('260613-08', 9, '서클에이', 0.678, 0.269, 1, '레이팅·승률 우위', '{"레이팅": 1.0, "승률": 0.61, "복승률": 0.77, "최고기록": 0.5, "기수승률": 0.0, "조교사승률": 1.0, "상금효율": 0.9, "중량증감": 0.0}'),
  ('260613-08', 10, '블루피오라', 0.522, 0.106, 3, '레이팅·기수승률 우위', '{"레이팅": 0.82, "승률": 0.08, "복승률": 0.56, "최고기록": 0.5, "기수승률": 0.88, "조교사승률": 0.07, "상금효율": 0.36, "중량증감": 0.46}'),
  ('260613-09', 1, '안양기쁨', 0.673, 0.208, 2, '레이팅·최고기록 우위', '{"레이팅": 1.0, "승률": 0.52, "복승률": 0.46, "최고기록": 0.89, "기수승률": 0.44, "조교사승률": 0.34, "상금효율": 0.42, "중량증감": 0.3}'),
  ('260613-09', 2, '참좋은질주', 0.499, 0.073, 5, null, '{"레이팅": 0.87, "승률": 0.38, "복승률": 0.56, "최고기록": 0.0, "기수승률": 0.6, "조교사승률": 0.57, "상금효율": 0.31, "중량증감": 0.2}'),
  ('260613-09', 3, '위즈스타', 0.757, 0.344, 1, '레이팅·승률 우위', '{"레이팅": 0.73, "승률": 1.0, "복승률": 1.0, "최고기록": 0.5, "기수승률": 0.48, "조교사승률": 1.0, "상금효율": 1.0, "중량증감": 0.1}'),
  ('260613-09', 4, '카인드큐피드', 0.133, 0.008, 9, null, '{"레이팅": 0.0, "승률": 0.0, "복승률": 0.0, "최고기록": 0.5, "기수승률": 0.15, "조교사승률": 0.64, "상금효율": 0.0, "중량증감": 0.0}'),
  ('260613-09', 5, '성실대로', 0.435, 0.05, 6, null, '{"레이팅": 0.33, "승률": 0.24, "복승률": 0.54, "최고기록": 1.0, "기수승률": 0.22, "조교사승률": 0.03, "상금효율": 0.28, "중량증감": 0.8}'),
  ('260613-09', 6, '아카펠', 0.579, 0.119, 4, null, '{"레이팅": 0.47, "승률": 0.82, "복승률": 0.55, "최고기록": 0.82, "기수승률": 0.39, "조교사승률": 0.49, "상금효율": 0.47, "중량증감": 0.2}'),
  ('260613-09', 7, '천행챗', 0.376, 0.035, 7, null, '{"레이팅": 0.53, "승률": 0.16, "복승률": 0.39, "최고기록": 0.61, "기수승률": 0.0, "조교사승률": 0.0, "상금효율": 0.22, "중량증감": 1.0}'),
  ('260613-09', 8, '제라퀸', 0.354, 0.031, 8, null, '{"레이팅": 0.07, "승률": 0.21, "복승률": 0.36, "최고기록": 0.71, "기수승률": 1.0, "조교사승률": 0.48, "상금효율": 0.2, "중량증감": 0.0}'),
  ('260613-09', 9, '싹다나은', 0.599, 0.134, 3, '최고기록·레이팅 우위', '{"레이팅": 0.47, "승률": 0.55, "복승률": 0.82, "최고기록": 0.82, "기수승률": 0.9, "조교사승률": 0.3, "상금효율": 0.43, "중량증감": 0.2}'),
  ('260613-10', 1, '신의이름', 0.214, 0.015, 10, null, '{"레이팅": 0.26, "승률": 0.0, "복승률": 0.02, "최고기록": 0.18, "기수승률": 0.36, "조교사승률": 1.0, "상금효율": 0.0, "중량증감": 0.35}'),
  ('260613-10', 2, '거센반격', 0.402, 0.047, 6, null, '{"레이팅": 0.19, "승률": 0.27, "복승률": 0.33, "최고기록": 0.82, "기수승률": 0.82, "조교사승률": 0.44, "상금효율": 0.21, "중량증감": 0.3}'),
  ('260613-10', 3, '글로벌보배', 0.49, 0.079, 4, null, '{"레이팅": 0.59, "승률": 0.13, "복승률": 0.55, "최고기록": 0.95, "기수승률": 0.0, "조교사승률": 0.5, "상금효율": 0.2, "중량증감": 1.0}'),
  ('260613-10', 4, '파이널케이', 0.698, 0.276, 2, '승률·레이팅 우위', '{"레이팅": 0.52, "승률": 1.0, "복승률": 1.0, "최고기록": 0.55, "기수승률": 0.55, "조교사승률": 0.5, "상금효율": 0.92, "중량증감": 0.65}'),
  ('260613-10', 5, '용암세상', 0.386, 0.042, 7, null, '{"레이팅": 0.37, "승률": 0.43, "복승률": 0.57, "최고기록": 0.32, "기수승률": 0.47, "조교사승률": 0.0, "상금효율": 0.32, "중량증감": 0.45}'),
  ('260613-10', 6, '어서말을해', 0.302, 0.026, 9, null, '{"레이팅": 0.19, "승률": 0.14, "복승률": 0.0, "최고기록": 0.73, "기수승률": 0.56, "조교사승률": 0.59, "상금효율": 0.13, "중량증감": 0.25}'),
  ('260613-10', 7, '새내타운', 0.191, 0.013, 11, null, '{"레이팅": 0.19, "승률": 0.2, "복승률": 0.12, "최고기록": 0.0, "기수승률": 0.29, "조교사승률": 0.54, "상금효율": 0.18, "중량증감": 0.4}'),
  ('260613-10', 8, '실버레인', 0.329, 0.03, 8, null, '{"레이팅": 0.0, "승률": 0.33, "복승률": 0.57, "최고기록": 0.55, "기수승률": 0.32, "조교사승률": 0.47, "상금효율": 0.44, "중량증감": 0.7}'),
  ('260613-10', 9, '나이스포스', 0.516, 0.093, 3, '최고기록·승률 우위', '{"레이팅": 0.22, "승률": 0.55, "복승률": 0.56, "최고기록": 0.86, "기수승률": 0.37, "조교사승률": 1.0, "상금효율": 0.35, "중량증감": 0.8}'),
  ('260613-10', 10, '벌교베리타스', 0.486, 0.077, 5, null, '{"레이팅": 0.15, "승률": 0.25, "복승률": 0.47, "최고기록": 1.0, "기수승률": 1.0, "조교사승률": 0.79, "상금효율": 0.15, "중량증감": 0.7}'),
  ('260613-10', 11, '크라운함성', 0.713, 0.302, 1, '레이팅·최고기록 우위', '{"레이팅": 1.0, "승률": 0.52, "복승률": 0.71, "최고기록": 0.59, "기수승률": 0.73, "조교사승률": 0.44, "상금효율": 1.0, "중량증감": 0.0}'),
  ('260614-01', 1, '동백', 0.554, 0.166, 1, '최고기록·레이팅 우위', '{"레이팅": 0.5, "승률": 0.5, "복승률": 1.0, "최고기록": 0.94, "기수승률": 0.13, "조교사승률": 0.0, "상금효율": 0.61, "중량증감": 0.11}'),
  ('260614-01', 2, '파인윈드', 0.49, 0.113, 5, null, '{"레이팅": 0.5, "승률": 0.5, "복승률": 0.5, "최고기록": 0.5, "기수승률": 0.31, "조교사승률": 0.91, "상금효율": 0.5, "중량증감": 0.11}'),
  ('260614-01', 3, '피엔에스승리', 0.337, 0.045, 10, null, '{"레이팅": 0.5, "승률": 0.5, "복승률": 0.0, "최고기록": 0.35, "기수승률": 0.16, "조교사승률": 0.5, "상금효율": 0.0, "중량증감": 0.11}'),
  ('260614-01', 4, '청강겨울', 0.369, 0.054, 9, null, '{"레이팅": 0.5, "승률": 0.5, "복승률": 0.0, "최고기록": 0.43, "기수승률": 0.1, "조교사승률": 1.0, "상금효율": 0.0, "중량증감": 0.0}'),
  ('260614-01', 5, '정문킹덤', 0.314, 0.039, 11, null, '{"레이팅": 0.5, "승률": 0.5, "복승률": 0.0, "최고기록": 0.0, "기수승률": 0.36, "조교사승률": 0.72, "상금효율": 0.0, "중량증감": 0.11}'),
  ('260614-01', 6, '골드레인', 0.449, 0.088, 6, null, '{"레이팅": 0.5, "승률": 0.5, "복승률": 0.0, "최고기록": 0.46, "기수승률": 1.0, "조교사승률": 0.7, "상금효율": 0.0, "중량증감": 0.11}'),
  ('260614-01', 7, '미스크리스티', 0.49, 0.113, 4, null, '{"레이팅": 0.5, "승률": 0.5, "복승률": 0.0, "최고기록": 1.0, "기수승률": 0.0, "조교사승률": 0.72, "상금효율": 0.29, "중량증감": 1.0}'),
  ('260614-01', 8, '금빛영웅', 0.521, 0.136, 2, '레이팅·최고기록 우위', '{"레이팅": 0.5, "승률": 0.5, "복승률": 0.0, "최고기록": 0.82, "기수승률": 0.37, "조교사승률": 0.67, "상금효율": 1.0, "중량증감": 0.56}'),
  ('260614-01', 9, '그랜드커리지', 0.385, 0.06, 7, null, '{"레이팅": 0.5, "승률": 0.5, "복승률": 0.0, "최고기록": 0.46, "기수승률": 0.44, "조교사승률": 0.29, "상금효율": 0.27, "중량증감": 0.11}'),
  ('260614-01', 10, '세이버스', 0.514, 0.131, 3, '레이팅·승률 우위', '{"레이팅": 0.5, "승률": 0.5, "복승률": 0.5, "최고기록": 0.5, "기수승률": 0.67, "조교사승률": 0.72, "상금효율": 0.5, "중량증감": 0.11}'),
  ('260614-01', 11, '에스파이어', 0.37, 0.055, 8, null, '{"레이팅": 0.5, "승률": 0.5, "복승률": 0.0, "최고기록": 0.34, "기수승률": 0.36, "조교사승률": 0.32, "상금효율": 0.0, "중량증감": 0.78}'),
  ('260614-02', 1, '일급비술', 0.549, 0.139, 2, '레이팅·기수승률 우위', '{"레이팅": 0.5, "승률": 0.5, "복승률": 0.5, "최고기록": 0.4, "기수승률": 0.92, "조교사승률": 1.0, "상금효율": 0.43, "중량증감": 0.43}'),
  ('260614-02', 2, '다르리여왕', 0.397, 0.056, 9, null, '{"레이팅": 0.5, "승률": 0.5, "복승률": 0.0, "최고기록": 0.5, "기수승률": 0.14, "조교사승률": 0.66, "상금효율": 0.29, "중량증감": 0.43}'),
  ('260614-02', 3, '영원한솔레오', 0.432, 0.069, 6, null, '{"레이팅": 0.5, "승률": 0.5, "복승률": 0.5, "최고기록": 0.32, "기수승률": 0.15, "조교사승률": 0.02, "상금효율": 0.96, "중량증감": 0.43}'),
  ('260614-02', 4, '다이아비트', 0.503, 0.105, 4, null, '{"레이팅": 0.5, "승률": 0.5, "복승률": 0.67, "최고기록": 0.26, "기수승률": 0.66, "조교사승률": 0.68, "상금효율": 0.44, "중량증감": 0.43}'),
  ('260614-02', 5, '비케이준', 0.273, 0.027, 11, null, '{"레이팅": 0.5, "승률": 0.5, "복승률": 0.0, "최고기록": 0.0, "기수승률": 0.0, "조교사승률": 0.0, "상금효율": 0.05, "중량증감": 1.0}'),
  ('260614-02', 6, '캡마왕', 0.343, 0.04, 10, null, '{"레이팅": 0.5, "승률": 0.5, "복승률": 0.0, "최고기록": 0.4, "기수승률": 0.31, "조교사승률": 0.3, "상금효율": 0.0, "중량증감": 0.0}'),
  ('260614-02', 7, '내게로와줘', 0.523, 0.119, 3, '최고기록·레이팅 우위', '{"레이팅": 0.5, "승률": 0.5, "복승률": 0.12, "최고기록": 1.0, "기수승률": 0.42, "조교사승률": 0.77, "상금효율": 0.24, "중량증감": 0.43}'),
  ('260614-02', 8, '메가윈드', 0.44, 0.072, 5, null, '{"레이팅": 0.5, "승률": 0.5, "복승률": 0.0, "최고기록": 0.54, "기수승률": 0.34, "조교사승률": 0.89, "상금효율": 0.31, "중량증감": 0.43}'),
  ('260614-02', 9, '이클립스서니', 0.642, 0.243, 1, '레이팅·복승률 우위', '{"레이팅": 0.5, "승률": 0.5, "복승률": 1.0, "최고기록": 0.44, "기수승률": 1.0, "조교사승률": 0.74, "상금효율": 1.0, "중량증감": 0.43}'),
  ('260614-02', 10, '뜻대로', 0.42, 0.064, 8, null, '{"레이팅": 0.5, "승률": 0.5, "복승률": 0.0, "최고기록": 0.5, "기수승률": 0.54, "조교사승률": 0.64, "상금효율": 0.0, "중량증감": 0.43}'),
  ('260614-02', 11, '케이퀸', 0.422, 0.065, 7, null, '{"레이팅": 0.5, "승률": 0.5, "복승률": 0.0, "최고기록": 0.5, "기수승률": 0.55, "조교사승률": 0.54, "상금효율": 0.12, "중량증감": 0.43}'),
  ('260614-03', 1, '플라잉스마트', 0.574, 0.171, 2, '레이팅·복승률 우위', '{"레이팅": 0.5, "승률": 0.5, "복승률": 1.0, "최고기록": 0.03, "기수승률": 1.0, "조교사승률": 0.66, "상금효율": 1.0, "중량증감": 0.5}'),
  ('260614-03', 2, '그레이팬텀', 0.487, 0.101, 4, null, '{"레이팅": 0.5, "승률": 0.5, "복승률": 0.08, "최고기록": 1.0, "기수승률": 0.49, "조교사승률": 0.1, "상금효율": 0.19, "중량증감": 0.5}'),
  ('260614-03', 3, '클레어프리덤', 0.594, 0.192, 1, '레이팅·최고기록 우위', '{"레이팅": 0.5, "승률": 0.5, "복승률": 0.38, "최고기록": 0.76, "기수승률": 1.0, "조교사승률": 1.0, "상금효율": 0.3, "중량증감": 0.5}'),
  ('260614-03', 4, '로드투스피어', 0.376, 0.052, 8, null, '{"레이팅": 0.5, "승률": 0.5, "복승률": 0.12, "최고기록": 0.61, "기수승률": 0.07, "조교사승률": 0.0, "상금효율": 0.14, "중량증감": 0.5}'),
  ('260614-03', 5, '델타대천', 0.496, 0.107, 3, '레이팅·승률 우위', '{"레이팅": 0.5, "승률": 0.5, "복승률": 0.6, "최고기록": 0.5, "기수승률": 0.34, "조교사승률": 0.5, "상금효율": 0.51, "중량증감": 0.5}'),
  ('260614-03', 6, '블랙선', 0.476, 0.095, 5, null, '{"레이팅": 0.5, "승률": 0.5, "복승률": 0.3, "최고기록": 0.45, "기수승률": 0.51, "조교사승률": 0.67, "상금효율": 0.44, "중량증감": 0.5}'),
  ('260614-03', 7, '비바치시모', 0.337, 0.041, 10, null, '{"레이팅": 0.5, "승률": 0.5, "복승률": 0.0, "최고기록": 0.21, "기수승률": 0.11, "조교사승률": 0.65, "상금효율": 0.05, "중량증감": 0.5}'),
  ('260614-03', 8, '믿음의질주', 0.418, 0.067, 7, null, '{"레이팅": 0.5, "승률": 0.5, "복승률": 0.0, "최고기록": 0.5, "기수승률": 0.68, "조교사승률": 0.33, "상금효율": 0.0, "중량증감": 0.5}'),
  ('260614-03', 9, '에클레어윈드', 0.458, 0.085, 6, null, '{"레이팅": 0.5, "승률": 0.5, "복승률": 0.0, "최고기록": 0.5, "기수승률": 0.56, "조교사승률": 0.91, "상금효율": 0.28, "중량증감": 0.5}'),
  ('260614-03', 10, '골든워리어', 0.368, 0.049, 9, null, '{"레이팅": 0.5, "승률": 0.5, "복승률": 0.25, "최고기록": 0.0, "기수승률": 0.41, "조교사승률": 0.62, "상금효율": 0.17, "중량증감": 0.5}'),
  ('260614-03', 11, '영원한루체아', 0.336, 0.041, 11, null, '{"레이팅": 0.5, "승률": 0.5, "복승률": 0.0, "최고기록": 0.5, "기수승률": 0.0, "조교사승률": 0.1, "상금효율": 0.0, "중량증감": 0.5}'),
  ('260614-04', 1, '주링스카이', 0.459, 0.062, 5, null, '{"레이팅": 0.7, "승률": 0.27, "복승률": 0.4, "최고기록": 0.0, "기수승률": 1.0, "조교사승률": 0.67, "상금효율": 0.45, "중량증감": 0.0}'),
  ('260614-04', 2, '행복여전사', 0.305, 0.025, 9, null, '{"레이팅": 0.0, "승률": 0.19, "복승률": 0.19, "최고기록": 0.91, "기수승률": 0.26, "조교사승률": 0.8, "상금효율": 0.28, "중량증감": 0.29}'),
  ('260614-04', 3, '글로리삭스', 0.401, 0.044, 7, null, '{"레이팅": 1.0, "승률": 0.0, "복승률": 0.0, "최고기록": 0.35, "기수승률": 0.0, "조교사승률": 1.0, "상금효율": 0.0, "중량증감": 0.14}'),
  ('260614-04', 4, '학산태풍', 0.678, 0.232, 2, '레이팅·승률 우위', '{"레이팅": 0.6, "승률": 0.8, "복승률": 0.8, "최고기록": 0.65, "기수승률": 0.51, "조교사승률": 0.65, "상금효율": 0.79, "중량증감": 0.71}'),
  ('260614-04', 5, '하이퍼엑스', 0.423, 0.05, 6, null, '{"레이팅": 1.0, "승률": 0.0, "복승률": 0.0, "최고기록": 0.3, "기수승률": 0.3, "조교사승률": 0.4, "상금효율": 0.0, "중량증감": 1.0}'),
  ('260614-04', 6, '유쾌한승자', 0.738, 0.333, 1, '승률·레이팅 우위', '{"레이팅": 0.5, "승률": 1.0, "복승률": 0.5, "최고기록": 0.87, "기수승률": 0.8, "조교사승률": 0.74, "상금효율": 1.0, "중량증감": 0.86}'),
  ('260614-04', 7, '피엔에스주', 0.175, 0.011, 11, null, '{"레이팅": 0.1, "승률": 0.0, "복승률": 0.21, "최고기록": 0.22, "기수승률": 0.23, "조교사승률": 0.48, "상금효율": 0.12, "중량증감": 0.71}'),
  ('260614-04', 8, '라온킹스맨', 0.506, 0.083, 4, null, '{"레이팅": 0.5, "승률": 0.67, "복승률": 0.33, "최고기록": 0.22, "기수승률": 0.43, "조교사승률": 0.89, "상금효율": 0.58, "중량증감": 1.0}'),
  ('260614-04', 9, '이끌림', 0.547, 0.105, 3, '레이팅·최고기록 우위', '{"레이팅": 0.5, "승률": 0.0, "복승률": 1.0, "최고기록": 0.83, "기수승률": 0.45, "조교사승률": 0.75, "상금효율": 0.59, "중량증감": 0.71}'),
  ('260614-04', 10, '엑설런트한센', 0.361, 0.035, 8, null, '{"레이팅": 0.2, "승률": 0.0, "복승률": 0.62, "최고기록": 0.83, "기수승률": 0.25, "조교사승률": 0.67, "상금효율": 0.36, "중량증감": 0.29}'),
  ('260614-04', 11, '스페셜포스', 0.267, 0.02, 10, null, '{"레이팅": 0.0, "승률": 0.18, "복승률": 0.27, "최고기록": 1.0, "기수승률": 0.05, "조교사승률": 0.0, "상금효율": 0.42, "중량증감": 0.29}'),
  ('260614-05', 1, '터보삭스', 0.335, 0.059, 6, null, '{"레이팅": 0.44, "승률": 0.0, "복승률": 0.05, "최고기록": 0.73, "기수승률": 0.3, "조교사승률": 0.29, "상금효율": 0.02, "중량증감": 1.0}'),
  ('260614-05', 2, '라온더토니', 0.314, 0.052, 9, null, '{"레이팅": 0.22, "승률": 0.0, "복승률": 0.8, "최고기록": 0.5, "기수승률": 0.12, "조교사승률": 0.46, "상금효율": 0.28, "중량증감": 0.47}'),
  ('260614-05', 3, '이클립스엘리', 0.543, 0.206, 1, '승률·복승률 우위', '{"레이팅": 0.22, "승률": 1.0, "복승률": 1.0, "최고기록": 0.0, "기수승률": 0.34, "조교사승률": 1.0, "상금효율": 1.0, "중량증감": 0.68}'),
  ('260614-05', 4, '운주타임', 0.466, 0.129, 4, null, '{"레이팅": 0.67, "승률": 0.18, "복승률": 0.36, "최고기록": 0.7, "기수승률": 0.43, "조교사승률": 0.25, "상금효율": 0.24, "중량증감": 0.47}'),
  ('260614-05', 5, '그레이고', 0.472, 0.134, 3, '레이팅·기수승률 우위', '{"레이팅": 1.0, "승률": 0.0, "복승률": 0.0, "최고기록": 0.36, "기수승률": 1.0, "조교사승률": 0.56, "상금효율": 0.0, "중량증감": 0.0}'),
  ('260614-05', 6, '파라이바', 0.194, 0.025, 10, null, '{"레이팅": 0.0, "승률": 0.0, "복승률": 0.43, "최고기록": 0.27, "기수승률": 0.45, "조교사승률": 0.33, "상금효율": 0.18, "중량증감": 0.58}'),
  ('260614-05', 7, '청해스타', 0.321, 0.054, 7, null, '{"레이팅": 0.44, "승률": 0.11, "복승률": 0.21, "최고기록": 0.55, "기수승률": 0.23, "조교사승률": 0.28, "상금효율": 0.14, "중량증감": 0.42}'),
  ('260614-05', 8, '레인스타', 0.314, 0.052, 8, null, '{"레이팅": 0.22, "승률": 0.14, "복승률": 0.11, "최고기록": 1.0, "기수승률": 0.21, "조교사승률": 0.0, "상금효율": 0.12, "중량증감": 0.63}'),
  ('260614-05', 9, '트리고누스', 0.339, 0.06, 5, null, '{"레이팅": 0.22, "승률": 0.67, "복승률": 0.67, "최고기록": 0.03, "기수승률": 0.06, "조교사승률": 0.19, "상금효율": 0.52, "중량증감": 0.58}'),
  ('260614-05', 10, '학산대세', 0.181, 0.023, 11, null, '{"레이팅": 0.0, "승률": 0.06, "복승률": 0.14, "최고기록": 0.39, "기수승률": 0.51, "조교사승률": 0.19, "상금효율": 0.09, "중량증감": 0.58}'),
  ('260614-05', 11, '럭키데이', 0.543, 0.205, 2, '레이팅·최고기록 우위', '{"레이팅": 0.89, "승률": 0.4, "복승률": 0.3, "최고기록": 0.88, "기수승률": 0.0, "조교사승률": 0.32, "상금효율": 0.33, "중량증감": 0.16}'),
  ('260614-06', 1, '천장사', 0.434, 0.06, 6, null, '{"레이팅": 0.4, "승률": 0.39, "복승률": 0.18, "최고기록": 0.52, "기수승률": 0.54, "조교사승률": 1.0, "상금효율": 0.36, "중량증감": 0.25}'),
  ('260614-06', 2, '홀리데이참', 0.3, 0.027, 11, null, '{"레이팅": 0.3, "승률": 0.04, "복승률": 0.14, "최고기록": 1.0, "기수승률": 0.0, "조교사승률": 0.03, "상금효율": 0.0, "중량증감": 0.75}'),
  ('260614-06', 3, '퍼지스텝', 0.6, 0.163, 2, '승률·복승률 우위', '{"레이팅": 0.4, "승률": 1.0, "복승률": 1.0, "최고기록": 0.0, "기수승률": 0.71, "조교사승률": 0.46, "상금효율": 1.0, "중량증감": 0.75}'),
  ('260614-06', 4, '서머파티', 0.41, 0.052, 8, null, '{"레이팅": 0.5, "승률": 0.19, "복승률": 0.29, "최고기록": 0.56, "기수승률": 0.44, "조교사승률": 0.72, "상금효율": 0.07, "중량증감": 0.5}'),
  ('260614-06', 5, '허쉬대보', 0.66, 0.234, 1, '레이팅·최고기록 우위', '{"레이팅": 1.0, "승률": 0.43, "복승률": 0.0, "최고기록": 0.93, "기수승률": 0.54, "조교사승률": 0.87, "상금효율": 0.61, "중량증감": 0.25}'),
  ('260614-06', 6, '슈퍼블루문', 0.426, 0.057, 7, null, '{"레이팅": 0.3, "승률": 0.5, "복승률": 0.61, "최고기록": 0.44, "기수승률": 0.61, "조교사승률": 0.0, "상금효율": 0.48, "중량증감": 0.5}'),
  ('260614-06', 7, '스톰브레이커', 0.53, 0.107, 4, null, '{"레이팅": 0.8, "승률": 0.19, "복승률": 0.16, "최고기록": 0.7, "기수승률": 0.94, "조교사승률": 0.57, "상금효율": 0.19, "중량증감": 0.0}'),
  ('260614-06', 8, '스플렌디드', 0.376, 0.043, 9, null, '{"레이팅": 0.0, "승률": 0.52, "복승률": 0.62, "최고기록": 0.62, "기수승률": 0.2, "조교사승률": 0.41, "상금효율": 0.39, "중량증감": 1.0}'),
  ('260614-06', 9, '더선파이터', 0.319, 0.03, 10, null, '{"레이팅": 0.4, "승률": 0.0, "복승률": 0.45, "최고기록": 0.35, "기수승률": 0.38, "조교사승률": 0.54, "상금효율": 0.0, "중량증감": 0.62}'),
  ('260614-06', 10, '엠케이리', 0.58, 0.145, 3, '레이팅·최고기록 우위', '{"레이팅": 0.7, "승률": 0.28, "복승률": 0.51, "최고기록": 0.63, "기수승률": 0.78, "조교사승률": 0.81, "상금효율": 0.32, "중량증감": 0.62}'),
  ('260614-06', 11, '골든아너', 0.485, 0.082, 5, null, '{"레이팅": 0.3, "승률": 0.12, "복승률": 0.52, "최고기록": 0.87, "기수승률": 1.0, "조교사승률": 0.87, "상금효율": 0.19, "중량증감": 0.38}'),
  ('260614-07', 1, '마터호른케이', 0.184, 0.015, 9, null, '{"레이팅": 0.14, "승률": 0.0, "복승률": 0.0, "최고기록": 0.35, "기수승률": 0.37, "조교사승률": 0.34, "상금효율": 0.07, "중량증감": 0.67}'),
  ('260614-07', 2, '운주프린스', 0.542, 0.131, 3, '승률·복승률 우위', '{"레이팅": 0.07, "승률": 1.0, "복승률": 1.0, "최고기록": 0.19, "기수승률": 1.0, "조교사승률": 0.61, "상금효율": 0.91, "중량증감": 0.0}'),
  ('260614-07', 3, '원다이아', 0.193, 0.016, 8, null, '{"레이팅": 0.0, "승률": 0.0, "복승률": 0.1, "최고기록": 0.5, "기수승률": 0.5, "조교사승률": 0.75, "상금효율": 0.0, "중량증감": 0.17}'),
  ('260614-07', 4, '위즈퍼펙트', 0.703, 0.346, 1, '레이팅·승률 우위', '{"레이팅": 1.0, "승률": 0.5, "복승률": 0.71, "최고기록": 0.5, "기수승률": 0.48, "조교사승률": 1.0, "상금효율": 1.0, "중량증감": 0.0}'),
  ('260614-07', 5, '자체발광', 0.199, 0.017, 7, null, '{"레이팅": 0.29, "승률": 0.0, "복승률": 0.18, "최고기록": 0.0, "기수승률": 0.1, "조교사승률": 0.77, "상금효율": 0.14, "중량증감": 0.83}'),
  ('260614-07', 6, '빌리언보이', 0.464, 0.082, 5, null, '{"레이팅": 0.64, "승률": 0.58, "복승률": 0.52, "최고기록": 0.0, "기수승률": 0.44, "조교사승률": 0.02, "상금효율": 0.55, "중량증감": 1.0}'),
  ('260614-07', 7, '불의세계', 0.419, 0.063, 6, null, '{"레이팅": 0.29, "승률": 0.42, "복승률": 0.25, "최고기록": 1.0, "기수승률": 0.22, "조교사승률": 0.0, "상금효율": 0.3, "중량증감": 0.83}'),
  ('260614-07', 8, '새내파이터', 0.639, 0.236, 2, '레이팅·승률 우위', '{"레이팅": 1.0, "승률": 0.75, "복승률": 0.43, "최고기록": 0.62, "기수승률": 0.0, "조교사승률": 0.54, "상금효율": 0.59, "중량증감": 0.17}'),
  ('260614-07', 9, '벌교라바', 0.484, 0.093, 4, null, '{"레이팅": 0.71, "승률": 0.44, "복승률": 0.36, "최고기록": 0.31, "기수승률": 0.35, "조교사승률": 0.74, "상금효율": 0.44, "중량증감": 0.17}'),
  ('260614-08', 1, '레지나빈치트', 0.328, 0.026, 9, null, '{"레이팅": 0.0, "승률": 0.35, "복승률": 0.0, "최고기록": 0.5, "기수승률": 1.0, "조교사승률": 0.71, "상금효율": 0.03, "중량증감": 1.0}'),
  ('260614-08', 2, '치프스타', 0.811, 0.472, 1, '레이팅·승률 우위', '{"레이팅": 1.0, "승률": 1.0, "복승률": 0.79, "최고기록": 0.5, "기수승률": 0.51, "조교사승률": 0.79, "상금효율": 0.64, "중량증감": 1.0}'),
  ('260614-08', 3, '대비마마', 0.356, 0.031, 8, null, '{"레이팅": 0.5, "승률": 0.0, "복승률": 0.25, "최고기록": 0.5, "기수승률": 0.4, "조교사승률": 0.43, "상금효율": 0.0, "중량증감": 1.0}'),
  ('260614-08', 4, '와일드매직', 0.506, 0.076, 4, null, '{"레이팅": 0.62, "승률": 0.44, "복승률": 0.87, "최고기록": 0.5, "기수승률": 0.0, "조교사승률": 1.0, "상금효율": 0.12, "중량증감": 0.0}'),
  ('260614-08', 5, '캐치레이스', 0.594, 0.128, 2, '레이팅·승률 우위', '{"레이팅": 0.81, "승률": 0.5, "복승률": 0.43, "최고기록": 0.5, "기수승률": 0.23, "조교사승률": 0.38, "상금효율": 1.0, "중량증감": 1.0}'),
  ('260614-08', 6, '월드댄서캣', 0.575, 0.115, 3, '승률·레이팅 우위', '{"레이팅": 0.44, "승률": 0.7, "복승률": 1.0, "최고기록": 0.5, "기수승률": 0.54, "조교사승률": 0.39, "상금효율": 0.15, "중량증감": 1.0}'),
  ('260614-08', 7, '코스모롱', 0.288, 0.02, 10, null, '{"레이팅": 0.06, "승률": 0.25, "복승률": 0.07, "최고기록": 0.5, "기수승률": 0.73, "조교사승률": 0.38, "상금효율": 0.02, "중량증감": 1.0}'),
  ('260614-08', 8, '타이거로어', 0.416, 0.044, 6, null, '{"레이팅": 0.47, "승률": 0.18, "복승률": 0.5, "최고기록": 0.5, "기수승률": 0.35, "조교사승률": 0.43, "상금효율": 0.2, "중량증감": 1.0}'),
  ('260614-08', 9, '명드림', 0.405, 0.041, 7, null, '{"레이팅": 0.31, "승률": 0.75, "복승률": 0.07, "최고기록": 0.5, "기수승률": 0.4, "조교사승률": 0.79, "상금효율": 0.12, "중량증감": 0.0}'),
  ('260614-08', 10, '선라이즈', 0.429, 0.048, 5, null, '{"레이팅": 0.31, "승률": 0.7, "복승률": 0.5, "최고기록": 0.5, "기수승률": 0.22, "조교사승률": 0.0, "상금효율": 0.23, "중량증감": 1.0}'),
  ('260614-09', 1, '제타마스터', 0.622, 0.128, 5, null, '{"레이팅": 1.0, "승률": 0.17, "복승률": 0.54, "최고기록": 0.42, "기수승률": 1.0, "조교사승률": 0.75, "상금효율": 0.53, "중량증감": 0.06}'),
  ('260614-09', 2, '드래곤킬러', 0.658, 0.159, 2, '승률·레이팅 우위', '{"레이팅": 0.57, "승률": 1.0, "복승률": 1.0, "최고기록": 0.0, "기수승률": 0.82, "조교사승률": 0.8, "상금효율": 0.87, "중량증감": 0.41}'),
  ('260614-09', 3, '위즈러너', 0.414, 0.037, 9, null, '{"레이팅": 0.76, "승률": 0.35, "복승률": 0.02, "최고기록": 0.14, "기수승률": 0.39, "조교사승률": 0.8, "상금효율": 0.29, "중량증감": 0.24}'),
  ('260614-09', 4, '블루넬로', 0.474, 0.053, 7, null, '{"레이팅": 0.43, "승률": 0.02, "복승률": 0.4, "최고기록": 1.0, "기수승률": 0.48, "조교사승률": 0.48, "상금효율": 0.43, "중량증감": 1.0}'),
  ('260614-09', 5, '아르고리치', 0.641, 0.144, 3, '레이팅·최고기록 우위', '{"레이팅": 0.95, "승률": 0.27, "복승률": 0.39, "최고기록": 0.98, "기수승률": 0.37, "조교사승률": 0.82, "상금효율": 0.53, "중량증감": 0.12}'),
  ('260614-09', 6, '새파랑', 0.424, 0.039, 8, null, '{"레이팅": 0.71, "승률": 0.07, "복승률": 0.26, "최고기록": 0.35, "기수승률": 0.59, "조교사승률": 0.6, "상금효율": 0.37, "중량증감": 0.18}'),
  ('260614-09', 7, '파이어파워', 0.625, 0.13, 4, null, '{"레이팅": 1.0, "승률": 0.55, "복승률": 0.59, "최고기록": 0.23, "기수승률": 0.0, "조교사승률": 1.0, "상금효율": 0.82, "중량증감": 0.71}'),
  ('260614-09', 8, '원평리스트', 0.293, 0.018, 10, null, '{"레이팅": 0.33, "승률": 0.31, "복승률": 0.07, "최고기록": 0.21, "기수승률": 0.36, "조교사승률": 0.75, "상금효율": 0.16, "중량증감": 0.29}'),
  ('260614-09', 9, '뉴돌콩', 0.617, 0.124, 6, null, '{"레이팅": 0.9, "승률": 0.34, "복승률": 0.34, "최고기록": 0.88, "기수승률": 0.44, "조교사승률": 0.7, "상금효율": 0.59, "중량증감": 0.0}'),
  ('260614-09', 10, '탄성의반석', 0.662, 0.163, 1, '레이팅·복승률 우위', '{"레이팅": 0.81, "승률": 0.47, "복승률": 0.79, "최고기록": 0.47, "기수승률": 0.55, "조교사승률": 0.75, "상금효율": 1.0, "중량증감": 0.53}'),
  ('260614-09', 11, '나소챗', 0.125, 0.006, 11, null, '{"레이팅": 0.0, "승률": 0.0, "복승률": 0.0, "최고기록": 0.44, "기수승률": 0.31, "조교사승률": 0.0, "상금효율": 0.0, "중량증감": 0.59}'),
  ('260614-10', 1, '마이슈퍼맨', 0.434, 0.041, 5, null, '{"레이팅": 0.6, "승률": 0.0, "복승률": 0.0, "최고기록": 1.0, "기수승률": 0.65, "조교사승률": 0.34, "상금효율": 0.17, "중량증감": 0.25}'),
  ('260614-10', 2, '팬텀프린스', 0.574, 0.095, 3, '레이팅·승률 우위', '{"레이팅": 0.7, "승률": 0.5, "복승률": 0.5, "최고기록": 0.5, "기수승률": 0.53, "조교사승률": 0.82, "상금효율": 0.5, "중량증감": 0.38}'),
  ('260614-10', 3, '브리도챔피언', 0.274, 0.016, 9, null, '{"레이팅": 0.6, "승률": 0.0, "복승률": 0.0, "최고기록": 0.0, "기수승률": 0.67, "조교사승률": 0.49, "상금효율": 0.0, "중량증감": 0.25}'),
  ('260614-10', 4, '원평타운', 0.681, 0.182, 2, '레이팅·최고기록 우위', '{"레이팅": 1.0, "승률": 0.33, "복승률": 1.0, "최고기록": 0.76, "기수승률": 0.0, "조교사승률": 0.0, "상금효율": 1.0, "중량증감": 1.0}'),
  ('260614-10', 5, '칸비그레이트', 0.331, 0.022, 7, null, '{"레이팅": 0.6, "승률": 0.0, "복승률": 0.0, "최고기록": 0.03, "기수승률": 0.76, "조교사승률": 1.0, "상금효율": 0.19, "중량증감": 0.25}'),
  ('260614-10', 6, '위너선', 0.395, 0.033, 6, null, '{"레이팅": 0.7, "승률": 0.0, "복승률": 0.0, "최고기록": 0.62, "기수승률": 0.5, "조교사승률": 0.49, "상금효율": 0.0, "중량증감": 0.5}'),
  ('260614-10', 7, '컴플리트스텝', 0.852, 0.507, 1, '레이팅·승률 우위', '{"레이팅": 0.7, "승률": 1.0, "복승률": 1.0, "최고기록": 0.86, "기수승률": 1.0, "조교사승률": 0.72, "상금효율": 0.91, "중량증감": 0.5}'),
  ('260614-10', 8, '엑스팩터', 0.326, 0.022, 8, null, '{"레이팅": 0.0, "승률": 0.61, "복승률": 0.46, "최고기록": 0.31, "기수승률": 0.65, "조교사승률": 0.37, "상금효율": 0.42, "중량증감": 0.0}'),
  ('260614-10', 9, '아모스맨', 0.547, 0.081, 4, null, '{"레이팅": 0.7, "승률": 0.5, "복승률": 0.5, "최고기록": 0.5, "기수승률": 0.43, "조교사승률": 0.54, "상금효율": 0.5, "중량증감": 0.38}');
